-- MariaDB dump 10.19  Distrib 10.6.12-MariaDB, for debian-linux-gnu (x86_64)
--
-- Host: localhost    Database: sys_keuangan
-- ------------------------------------------------------
-- Server version	10.6.12-MariaDB-0ubuntu0.22.04.1

/*!40101 SET @OLD_CHARACTER_SET_CLIENT=@@CHARACTER_SET_CLIENT */;
/*!40101 SET @OLD_CHARACTER_SET_RESULTS=@@CHARACTER_SET_RESULTS */;
/*!40101 SET @OLD_COLLATION_CONNECTION=@@COLLATION_CONNECTION */;
/*!40101 SET NAMES utf8mb4 */;
/*!40103 SET @OLD_TIME_ZONE=@@TIME_ZONE */;
/*!40103 SET TIME_ZONE='+00:00' */;
/*!40014 SET @OLD_UNIQUE_CHECKS=@@UNIQUE_CHECKS, UNIQUE_CHECKS=0 */;
/*!40014 SET @OLD_FOREIGN_KEY_CHECKS=@@FOREIGN_KEY_CHECKS, FOREIGN_KEY_CHECKS=0 */;
/*!40101 SET @OLD_SQL_MODE=@@SQL_MODE, SQL_MODE='NO_AUTO_VALUE_ON_ZERO' */;
/*!40111 SET @OLD_SQL_NOTES=@@SQL_NOTES, SQL_NOTES=0 */;

--
-- Table structure for table `failed_jobs`
--

DROP TABLE IF EXISTS `failed_jobs`;
/*!40101 SET @saved_cs_client     = @@character_set_client */;
/*!40101 SET character_set_client = utf8 */;
CREATE TABLE `failed_jobs` (
  `id` bigint(20) unsigned NOT NULL AUTO_INCREMENT,
  `uuid` varchar(255) NOT NULL,
  `connection` text NOT NULL,
  `queue` text NOT NULL,
  `payload` longtext NOT NULL,
  `exception` longtext NOT NULL,
  `failed_at` timestamp NOT NULL DEFAULT current_timestamp(),
  PRIMARY KEY (`id`),
  UNIQUE KEY `failed_jobs_uuid_unique` (`uuid`)
) ENGINE=InnoDB DEFAULT CHARSET=utf8mb4 COLLATE=utf8mb4_unicode_ci;
/*!40101 SET character_set_client = @saved_cs_client */;

--
-- Dumping data for table `failed_jobs`
--

LOCK TABLES `failed_jobs` WRITE;
/*!40000 ALTER TABLE `failed_jobs` DISABLE KEYS */;
/*!40000 ALTER TABLE `failed_jobs` ENABLE KEYS */;
UNLOCK TABLES;

--
-- Table structure for table `kas`
--

DROP TABLE IF EXISTS `kas`;
/*!40101 SET @saved_cs_client     = @@character_set_client */;
/*!40101 SET character_set_client = utf8 */;
CREATE TABLE `kas` (
  `id` bigint(20) unsigned NOT NULL AUTO_INCREMENT,
  `type` enum('cash','bank') NOT NULL DEFAULT 'cash',
  `nama` varchar(255) NOT NULL,
  `bank` varchar(255) DEFAULT NULL,
  `no_rek` varchar(255) DEFAULT NULL,
  `atas_nama` varchar(255) DEFAULT NULL,
  `created_at` timestamp NULL DEFAULT NULL,
  `updated_at` timestamp NULL DEFAULT NULL,
  PRIMARY KEY (`id`)
) ENGINE=InnoDB AUTO_INCREMENT=9 DEFAULT CHARSET=utf8mb4 COLLATE=utf8mb4_unicode_ci;
/*!40101 SET character_set_client = @saved_cs_client */;

--
-- Dumping data for table `kas`
--

LOCK TABLES `kas` WRITE;
/*!40000 ALTER TABLE `kas` DISABLE KEYS */;
INSERT INTO `kas` VALUES (1,'bank','Cash',NULL,'17412285','Mrs. Precious Heathcote yhjfhjf','2023-10-07 09:24:18','2023-10-11 06:37:35'),(2,'cash','BNI',NULL,'14910023','Mrs. Talia Kuphal IV','2023-10-07 09:24:18','2023-10-14 20:44:50'),(3,'bank','BNI',NULL,'7347512','Hollie Davis','2023-10-07 09:24:18','2023-10-07 09:24:18'),(4,'cash','BNI',NULL,'23318517','Lafayette Gerhold','2023-10-07 09:24:18','2023-10-07 09:24:18'),(5,'cash','Cash',NULL,'7168295','Gennaro Bergstrom','2023-10-07 09:24:18','2023-10-07 09:24:18');
/*!40000 ALTER TABLE `kas` ENABLE KEYS */;
UNLOCK TABLES;

--
-- Table structure for table `kategori`
--

DROP TABLE IF EXISTS `kategori`;
/*!40101 SET @saved_cs_client     = @@character_set_client */;
/*!40101 SET character_set_client = utf8 */;
CREATE TABLE `kategori` (
  `id` bigint(20) unsigned NOT NULL AUTO_INCREMENT,
  `nama` varchar(255) NOT NULL,
  `type` varchar(255) NOT NULL,
  `created_at` timestamp NULL DEFAULT NULL,
  `updated_at` timestamp NULL DEFAULT NULL,
  PRIMARY KEY (`id`)
) ENGINE=InnoDB AUTO_INCREMENT=9 DEFAULT CHARSET=utf8mb4 COLLATE=utf8mb4_unicode_ci;
/*!40101 SET character_set_client = @saved_cs_client */;

--
-- Dumping data for table `kategori`
--

LOCK TABLES `kategori` WRITE;
/*!40000 ALTER TABLE `kategori` DISABLE KEYS */;
INSERT INTO `kategori` VALUES (1,'Bar & Kichen','Pengeluaran','2023-10-07 09:24:18','2023-10-07 09:24:18'),(2,'Operasional','Pengeluaran','2023-10-07 09:24:18','2023-10-07 09:24:18'),(3,'Asset','Pengeluaran','2023-10-07 09:24:18','2023-10-07 09:24:18'),(4,'Band','Pengeluaran','2023-10-07 09:24:18','2023-10-07 09:24:18'),(5,'Komisi Supir','Pengeluaran','2023-10-07 09:24:18','2023-10-07 09:24:18'),(6,'Penjualan','Pemasukan','2023-10-07 09:24:18','2023-10-07 09:24:18'),(7,'Sponsor','Pemasukan','2023-10-07 09:24:18','2023-10-07 09:24:18'),(8,'Pemasukan Lain','Pemasukan','2023-10-07 09:24:18','2023-10-07 09:24:18');
/*!40000 ALTER TABLE `kategori` ENABLE KEYS */;
UNLOCK TABLES;

--
-- Table structure for table `migrations`
--

DROP TABLE IF EXISTS `migrations`;
/*!40101 SET @saved_cs_client     = @@character_set_client */;
/*!40101 SET character_set_client = utf8 */;
CREATE TABLE `migrations` (
  `id` int(10) unsigned NOT NULL AUTO_INCREMENT,
  `migration` varchar(255) NOT NULL,
  `batch` int(11) NOT NULL,
  PRIMARY KEY (`id`)
) ENGINE=InnoDB AUTO_INCREMENT=11 DEFAULT CHARSET=utf8mb4 COLLATE=utf8mb4_unicode_ci;
/*!40101 SET character_set_client = @saved_cs_client */;

--
-- Dumping data for table `migrations`
--

LOCK TABLES `migrations` WRITE;
/*!40000 ALTER TABLE `migrations` DISABLE KEYS */;
INSERT INTO `migrations` VALUES (1,'2014_10_12_000000_create_users_table',1),(2,'2014_10_12_100000_create_password_reset_tokens_table',1),(3,'2019_08_19_000000_create_failed_jobs_table',1),(4,'2019_12_14_000001_create_personal_access_tokens_table',1),(5,'2023_09_22_235145_create_kategoris_table',1),(6,'2023_09_22_235734_create_kas_table',1),(7,'2023_09_22_235754_create_transaksis_table',1),(8,'2023_09_22_235759_create_pajaks_table',1),(9,'2023_09_22_235806_create_settings_table',1),(10,'2023_09_22_235853_create_nota_bons_table',1);
/*!40000 ALTER TABLE `migrations` ENABLE KEYS */;
UNLOCK TABLES;

--
-- Table structure for table `nota_bon`
--

DROP TABLE IF EXISTS `nota_bon`;
/*!40101 SET @saved_cs_client     = @@character_set_client */;
/*!40101 SET character_set_client = utf8 */;
CREATE TABLE `nota_bon` (
  `id` bigint(20) unsigned NOT NULL AUTO_INCREMENT,
  `tanggal` date NOT NULL,
  `nama_suplier` varchar(100) NOT NULL,
  `total` int(11) NOT NULL,
  `status` varchar(20) NOT NULL,
  `created_at` timestamp NULL DEFAULT NULL,
  `updated_at` timestamp NULL DEFAULT NULL,
  PRIMARY KEY (`id`)
) ENGINE=InnoDB AUTO_INCREMENT=31 DEFAULT CHARSET=utf8mb4 COLLATE=utf8mb4_unicode_ci;
/*!40101 SET character_set_client = @saved_cs_client */;

--
-- Dumping data for table `nota_bon`
--

LOCK TABLES `nota_bon` WRITE;
/*!40000 ALTER TABLE `nota_bon` DISABLE KEYS */;
INSERT INTO `nota_bon` VALUES (2,'1973-07-02','Dr. Damien Gleason',481414,'Sudah Bayar','2023-10-07 09:24:19','2023-10-07 09:24:19'),(3,'2014-11-21','Isabelle Howell Sr.',457377,'Sudah Bayar','2023-10-07 09:24:19','2023-10-07 09:24:19'),(4,'1994-10-02','Prof. Kirk Parker',306401,'Belum Bayar','2023-10-07 09:24:19','2023-10-07 09:24:19'),(5,'1997-03-15','Ola Weber III',229437,'Belum Bayar','2023-10-07 09:24:19','2023-10-07 09:24:19'),(6,'1991-04-02','Jamar Cummings',454124,'Sudah Bayar','2023-10-07 09:24:19','2023-10-07 09:24:19'),(7,'2006-02-25','Micaela Cremin',431300,'Belum Bayar','2023-10-07 09:24:19','2023-10-07 09:24:19'),(8,'1994-10-25','Josefa Heidenreich',393667,'Belum Bayar','2023-10-07 09:24:19','2023-10-07 09:24:19'),(9,'2007-12-06','Thad Cassin III',413065,'Sudah Bayar','2023-10-07 09:24:19','2023-10-07 09:24:19'),(10,'2021-10-17','Emmanuel Kessler',265455,'Sudah Bayar','2023-10-07 09:24:19','2023-10-07 09:24:19'),(12,'2023-01-07','Andi',10000,'Sudah Bayar','2023-10-14 03:00:26','2023-10-14 03:00:26'),(13,'2023-01-07','Ari',20000,'Sudah Bayar','2023-10-14 03:00:26','2023-10-14 03:00:26'),(14,'2023-01-07','Asman',50000,'Belum Bayar','2023-10-14 03:00:26','2023-10-14 03:00:26'),(15,'2023-01-07','Andre',10000,'Sudah Bayar','2023-10-14 03:00:26','2023-10-14 03:00:26'),(16,'2023-01-07','Sukma',20000,'Belum Bayar','2023-10-14 03:00:26','2023-10-14 03:00:26'),(17,'2023-01-07','Deri',50000,'Sudah Bayar','2023-10-14 03:00:26','2023-10-14 03:00:26'),(18,'2023-01-07','Santi',10000,'Sudah Bayar','2023-10-14 03:00:26','2023-10-14 03:00:26'),(19,'2023-01-07','Cidi',20000,'Sudah Bayar','2023-10-14 03:00:26','2023-10-14 03:00:26'),(20,'2023-01-07','Delan',50000,'Sudah Bayar','2023-10-14 03:00:26','2023-10-14 03:00:26'),(21,'2023-01-07','Andi',10000,'Sudah Bayar','2023-10-14 03:00:35','2023-10-14 03:00:35'),(22,'2023-01-07','Ari',20000,'Sudah Bayar','2023-10-14 03:00:35','2023-10-14 03:00:35'),(23,'2023-01-07','Asman22',50000,'Belum Bayar','2023-10-14 03:00:35','2023-10-14 23:39:29'),(24,'2023-01-07','Andre',10000,'Sudah Bayar','2023-10-14 03:00:35','2023-10-14 03:00:35'),(25,'2023-01-07','Sukma',20000,'Belum Bayar','2023-10-14 03:00:35','2023-10-14 03:00:35'),(26,'2023-01-07','Deri',50000,'Sudah Bayar','2023-10-14 03:00:35','2023-10-14 03:00:35'),(27,'2023-01-07','Santi',10000,'Sudah Bayar','2023-10-14 03:00:35','2023-10-14 03:00:35'),(28,'2023-01-07','Cidi',20000,'Sudah Bayar','2023-10-14 03:00:35','2023-10-14 03:00:35'),(29,'2023-01-07','Delan',50000,'Sudah Bayar','2023-10-14 03:00:35','2023-10-14 03:00:35');
/*!40000 ALTER TABLE `nota_bon` ENABLE KEYS */;
UNLOCK TABLES;

--
-- Table structure for table `pajak`
--

DROP TABLE IF EXISTS `pajak`;
/*!40101 SET @saved_cs_client     = @@character_set_client */;
/*!40101 SET character_set_client = utf8 */;
CREATE TABLE `pajak` (
  `id` bigint(20) unsigned NOT NULL AUTO_INCREMENT,
  `bulan` varchar(255) NOT NULL,
  `tahun` varchar(255) NOT NULL,
  `jumlah` int(11) NOT NULL,
  `created_at` timestamp NULL DEFAULT NULL,
  `updated_at` timestamp NULL DEFAULT NULL,
  PRIMARY KEY (`id`)
) ENGINE=InnoDB AUTO_INCREMENT=49 DEFAULT CHARSET=utf8mb4 COLLATE=utf8mb4_unicode_ci;
/*!40101 SET character_set_client = @saved_cs_client */;

--
-- Dumping data for table `pajak`
--

LOCK TABLES `pajak` WRITE;
/*!40000 ALTER TABLE `pajak` DISABLE KEYS */;
INSERT INTO `pajak` VALUES (1,'03','2019',459028,'2023-10-07 09:24:19','2023-10-07 09:24:19'),(2,'06','2021',615510,'2023-10-07 09:24:19','2023-10-07 09:24:19'),(3,'03','2021',610149,'2023-10-07 09:24:19','2023-10-07 09:24:19'),(4,'11','2020',253897,'2023-10-07 09:24:19','2023-10-07 09:24:19'),(5,'08','2022',429132,'2023-10-07 09:24:19','2023-10-07 09:24:19'),(6,'02','2021',724980,'2023-10-07 09:24:19','2023-10-07 09:24:19'),(7,'12','2021',315279,'2023-10-07 09:24:19','2023-10-07 09:24:19'),(8,'02','2023',682907,'2023-10-07 09:24:19','2023-10-07 09:24:19'),(9,'01','2018',471066,'2023-10-07 09:24:19','2023-10-07 09:24:19'),(10,'05','2021',415269,'2023-10-07 09:24:19','2023-10-07 09:24:19'),(11,'05','2018',644418,'2023-10-07 09:24:19','2023-10-07 09:24:19'),(12,'05','2023',262520,'2023-10-07 09:24:19','2023-10-07 09:24:19'),(13,'05','2021',743623,'2023-10-07 09:24:19','2023-10-07 09:24:19'),(14,'05','2020',708362,'2023-10-07 09:24:19','2023-10-07 09:24:19'),(15,'06','2020',112576,'2023-10-07 09:24:19','2023-10-07 09:24:19'),(16,'05','2019',429904,'2023-10-07 09:24:19','2023-10-07 09:24:19'),(17,'01','2018',249886,'2023-10-07 09:24:19','2023-10-07 09:24:19'),(18,'03','2018',287751,'2023-10-07 09:24:19','2023-10-07 09:24:19'),(19,'01','2018',150847,'2023-10-07 09:24:19','2023-10-07 09:24:19'),(20,'05','2021',405829,'2023-10-07 09:24:19','2023-10-07 09:24:19'),(21,'03','2022',552752,'2023-10-07 09:24:19','2023-10-07 09:24:19'),(22,'11','2020',619014,'2023-10-07 09:24:19','2023-10-07 09:24:19'),(23,'04','2022',606138,'2023-10-07 09:24:19','2023-10-07 09:24:19'),(24,'01','2020',183271,'2023-10-07 09:24:19','2023-10-07 09:24:19'),(25,'10','2022',306731,'2023-10-07 09:24:19','2023-10-07 09:24:19'),(26,'09','2021',646831,'2023-10-07 09:24:19','2023-10-07 09:24:19'),(27,'08','2019',315134,'2023-10-07 09:24:19','2023-10-07 09:24:19'),(28,'05','2022',713218,'2023-10-07 09:24:19','2023-10-07 09:24:19'),(29,'09','2021',423468,'2023-10-07 09:24:19','2023-10-07 09:24:19'),(30,'07','2018',685276,'2023-10-07 09:24:19','2023-10-07 09:24:19'),(31,'1','2023',10000,'2023-10-14 03:08:43','2023-10-14 03:08:43'),(32,'2','2023',20000,'2023-10-14 03:08:43','2023-10-14 03:08:43'),(33,'3','2023',50000,'2023-10-14 03:08:43','2023-10-14 03:08:43'),(34,'4','2023',10000,'2023-10-14 03:08:43','2023-10-14 03:08:43'),(35,'5','2023',20000,'2023-10-14 03:08:43','2023-10-14 03:08:43'),(36,'6','2023',50000,'2023-10-14 03:08:43','2023-10-14 03:08:43'),(37,'7','2023',10000,'2023-10-14 03:08:43','2023-10-14 03:08:43'),(38,'8','2023',20000,'2023-10-14 03:08:43','2023-10-14 03:08:43'),(39,'9','2023',50000,'2023-10-14 03:08:43','2023-10-14 03:08:43'),(41,'2','2023',20000,'2023-10-14 03:08:54','2023-10-14 03:08:54'),(42,'3','2023',50000,'2023-10-14 03:08:54','2023-10-14 03:08:54'),(43,'4','2023',10000,'2023-10-14 03:08:54','2023-10-14 03:08:54'),(44,'5','2023',20000,'2023-10-14 03:08:54','2023-10-14 03:08:54'),(45,'6','2023',50000,'2023-10-14 03:08:54','2023-10-14 03:08:54'),(46,'7','2023',10000,'2023-10-14 03:08:54','2023-10-14 03:08:54'),(47,'8','2023',20000,'2023-10-14 03:08:54','2023-10-14 03:08:54'),(48,'9','2023',50000,'2023-10-14 03:08:54','2023-10-14 03:08:54');
/*!40000 ALTER TABLE `pajak` ENABLE KEYS */;
UNLOCK TABLES;

--
-- Table structure for table `password_reset_tokens`
--

DROP TABLE IF EXISTS `password_reset_tokens`;
/*!40101 SET @saved_cs_client     = @@character_set_client */;
/*!40101 SET character_set_client = utf8 */;
CREATE TABLE `password_reset_tokens` (
  `email` varchar(255) NOT NULL,
  `token` varchar(255) NOT NULL,
  `created_at` timestamp NULL DEFAULT NULL,
  PRIMARY KEY (`email`)
) ENGINE=InnoDB DEFAULT CHARSET=utf8mb4 COLLATE=utf8mb4_unicode_ci;
/*!40101 SET character_set_client = @saved_cs_client */;

--
-- Dumping data for table `password_reset_tokens`
--

LOCK TABLES `password_reset_tokens` WRITE;
/*!40000 ALTER TABLE `password_reset_tokens` DISABLE KEYS */;
/*!40000 ALTER TABLE `password_reset_tokens` ENABLE KEYS */;
UNLOCK TABLES;

--
-- Table structure for table `personal_access_tokens`
--

DROP TABLE IF EXISTS `personal_access_tokens`;
/*!40101 SET @saved_cs_client     = @@character_set_client */;
/*!40101 SET character_set_client = utf8 */;
CREATE TABLE `personal_access_tokens` (
  `id` bigint(20) unsigned NOT NULL AUTO_INCREMENT,
  `tokenable_type` varchar(255) NOT NULL,
  `tokenable_id` bigint(20) unsigned NOT NULL,
  `name` varchar(255) NOT NULL,
  `token` varchar(64) NOT NULL,
  `abilities` text DEFAULT NULL,
  `last_used_at` timestamp NULL DEFAULT NULL,
  `expires_at` timestamp NULL DEFAULT NULL,
  `created_at` timestamp NULL DEFAULT NULL,
  `updated_at` timestamp NULL DEFAULT NULL,
  PRIMARY KEY (`id`),
  UNIQUE KEY `personal_access_tokens_token_unique` (`token`),
  KEY `personal_access_tokens_tokenable_type_tokenable_id_index` (`tokenable_type`,`tokenable_id`)
) ENGINE=InnoDB DEFAULT CHARSET=utf8mb4 COLLATE=utf8mb4_unicode_ci;
/*!40101 SET character_set_client = @saved_cs_client */;

--
-- Dumping data for table `personal_access_tokens`
--

LOCK TABLES `personal_access_tokens` WRITE;
/*!40000 ALTER TABLE `personal_access_tokens` DISABLE KEYS */;
/*!40000 ALTER TABLE `personal_access_tokens` ENABLE KEYS */;
UNLOCK TABLES;

--
-- Table structure for table `setting`
--

DROP TABLE IF EXISTS `setting`;
/*!40101 SET @saved_cs_client     = @@character_set_client */;
/*!40101 SET character_set_client = utf8 */;
CREATE TABLE `setting` (
  `id` bigint(20) unsigned NOT NULL AUTO_INCREMENT,
  `name` varchar(50) NOT NULL,
  `value` varchar(255) DEFAULT NULL,
  `created_at` timestamp NULL DEFAULT NULL,
  `updated_at` timestamp NULL DEFAULT NULL,
  PRIMARY KEY (`id`)
) ENGINE=InnoDB AUTO_INCREMENT=4 DEFAULT CHARSET=utf8mb4 COLLATE=utf8mb4_unicode_ci;
/*!40101 SET character_set_client = @saved_cs_client */;

--
-- Dumping data for table `setting`
--

LOCK TABLES `setting` WRITE;
/*!40000 ALTER TABLE `setting` DISABLE KEYS */;
INSERT INTO `setting` VALUES (1,'nama_perusahaan','PT Berkah Makmur','2023-10-07 10:01:10','2023-10-12 15:44:06'),(2,'alamat','bogor','2023-10-07 10:01:10','2023-10-12 15:44:15'),(3,'logo','5eEOrcjhq2OOGmBPNm9OBIQYM7rdwX1HjEhxIsvD.png','2023-10-07 10:01:10','2023-10-12 15:44:15');
/*!40000 ALTER TABLE `setting` ENABLE KEYS */;
UNLOCK TABLES;

--
-- Table structure for table `transaksi`
--

DROP TABLE IF EXISTS `transaksi`;
/*!40101 SET @saved_cs_client     = @@character_set_client */;
/*!40101 SET character_set_client = utf8 */;
CREATE TABLE `transaksi` (
  `id` bigint(20) unsigned NOT NULL AUTO_INCREMENT,
  `tanggal` date NOT NULL,
  `type` varchar(255) NOT NULL,
  `nominal` int(11) NOT NULL,
  `keterangan` varchar(255) DEFAULT NULL,
  `kategori_id` bigint(20) unsigned NOT NULL,
  `user_id` bigint(20) unsigned NOT NULL,
  `kas_id` bigint(20) unsigned NOT NULL,
  `metode_bayar` enum('cash','bank') NOT NULL,
  `created_at` timestamp NULL DEFAULT NULL,
  `updated_at` timestamp NULL DEFAULT NULL,
  PRIMARY KEY (`id`),
  KEY `transaksi_kategori_id_foreign` (`kategori_id`),
  KEY `transaksi_user_id_foreign` (`user_id`),
  KEY `transaksi_kas_id_foreign` (`kas_id`),
  CONSTRAINT `transaksi_kas_id_foreign` FOREIGN KEY (`kas_id`) REFERENCES `kas` (`id`),
  CONSTRAINT `transaksi_kategori_id_foreign` FOREIGN KEY (`kategori_id`) REFERENCES `kategori` (`id`),
  CONSTRAINT `transaksi_user_id_foreign` FOREIGN KEY (`user_id`) REFERENCES `users` (`id`)
) ENGINE=InnoDB AUTO_INCREMENT=848 DEFAULT CHARSET=utf8mb4 COLLATE=utf8mb4_unicode_ci;
/*!40101 SET character_set_client = @saved_cs_client */;

--
-- Dumping data for table `transaksi`
--

LOCK TABLES `transaksi` WRITE;
/*!40000 ALTER TABLE `transaksi` DISABLE KEYS */;
INSERT INTO `transaksi` VALUES (1,'2023-01-07','Pemasukan',189950,'Dolor id.',6,1,2,'cash','2023-10-07 09:24:18','2023-10-07 09:24:18'),(2,'2023-01-07','Pengeluaran',39184,'Officia.',3,1,4,'cash','2023-10-07 09:24:18','2023-10-07 09:24:18'),(3,'2023-01-07','Pengeluaran',13736,'Corrupti.',2,1,2,'cash','2023-10-07 09:24:18','2023-10-07 09:24:18'),(4,'2023-01-07','Pemasukan',363651,'Et.',7,1,5,'cash','2023-10-07 09:24:18','2023-10-07 09:24:18'),(5,'2023-01-07','Pemasukan',333962,'Aut.',6,1,2,'cash','2023-10-07 09:24:18','2023-10-07 09:24:18'),(6,'2023-01-07','Pemasukan',177863,'Ut et non.',6,1,1,'bank','2023-10-07 09:24:18','2023-10-07 09:24:18'),(7,'2023-01-07','Pengeluaran',12872,'Autem.',3,1,2,'cash','2023-10-07 09:24:18','2023-10-07 09:24:18'),(8,'2023-01-07','Pengeluaran',14070,'Corrupti.',5,1,3,'bank','2023-10-07 09:24:18','2023-10-07 09:24:18'),(9,'2023-01-07','Pengeluaran',37178,'Mollitia.',4,1,1,'bank','2023-10-07 09:24:18','2023-10-07 09:24:18'),(10,'2023-01-07','Pengeluaran',35988,'Ab et et.',5,1,4,'cash','2023-10-07 09:24:18','2023-10-07 09:24:18'),(11,'2023-01-07','Pengeluaran',21021,'At culpa.',5,1,1,'bank','2023-10-07 09:24:18','2023-10-07 09:24:18'),(12,'2023-01-07','Pemasukan',296807,'Est vel.',7,1,3,'bank','2023-10-07 09:24:18','2023-10-07 09:24:18'),(13,'2023-01-07','Pemasukan',237951,'Facilis.',7,1,1,'bank','2023-10-07 09:24:18','2023-10-07 09:24:18'),(14,'2023-01-07','Pemasukan',311666,'Quo optio.',8,1,2,'cash','2023-10-07 09:24:18','2023-10-07 09:24:18'),(15,'2023-01-07','Pemasukan',313864,'Nam cum.',6,1,3,'bank','2023-10-07 09:24:18','2023-10-07 09:24:18'),(16,'2023-01-07','Pemasukan',188282,'Quisquam.',6,1,4,'cash','2023-10-07 09:24:18','2023-10-07 09:24:18'),(17,'2023-01-07','Pemasukan',269124,'Et.',7,1,5,'cash','2023-10-07 09:24:18','2023-10-07 09:24:18'),(18,'2023-01-07','Pengeluaran',28842,'Velit id.',2,1,3,'bank','2023-10-07 09:24:18','2023-10-07 09:24:18'),(19,'2023-01-07','Pengeluaran',12766,'Numquam.',3,1,3,'bank','2023-10-07 09:24:18','2023-10-07 09:24:18'),(20,'2023-01-07','Pengeluaran',20278,'Autem.',3,1,1,'bank','2023-10-07 09:24:18','2023-10-07 09:24:18'),(21,'2023-02-07','Pengeluaran',37203,'Facilis.',5,1,4,'cash','2023-10-07 09:24:18','2023-10-07 09:24:18'),(22,'2023-02-07','Pemasukan',323081,'Qui odit.',7,1,2,'cash','2023-10-07 09:24:18','2023-10-07 09:24:18'),(23,'2023-02-07','Pengeluaran',30571,'Optio et.',5,1,5,'cash','2023-10-07 09:24:18','2023-10-07 09:24:18'),(24,'2023-02-07','Pengeluaran',27580,'Rerum.',1,1,2,'cash','2023-10-07 09:24:18','2023-10-07 09:24:18'),(25,'2023-02-07','Pemasukan',257954,'Et eos.',8,1,2,'cash','2023-10-07 09:24:18','2023-10-07 09:24:18'),(26,'2023-02-07','Pemasukan',334291,'Corporis.',6,1,5,'cash','2023-10-07 09:24:18','2023-10-07 09:24:18'),(27,'2023-02-07','Pengeluaran',20589,'Ut.',1,1,3,'bank','2023-10-07 09:24:18','2023-10-07 09:24:18'),(28,'2023-02-07','Pengeluaran',12488,'Ullam.',1,1,5,'cash','2023-10-07 09:24:18','2023-10-07 09:24:18'),(29,'2023-02-07','Pengeluaran',20182,'Eligendi.',4,1,3,'bank','2023-10-07 09:24:18','2023-10-07 09:24:18'),(30,'2023-02-07','Pengeluaran',30859,'Et.',3,1,5,'cash','2023-10-07 09:24:18','2023-10-07 09:24:18'),(31,'2023-02-07','Pemasukan',388134,'Aut.',8,1,1,'bank','2023-10-07 09:24:18','2023-10-07 09:24:18'),(32,'2023-02-07','Pengeluaran',17578,'Libero.',2,1,4,'cash','2023-10-07 09:24:18','2023-10-07 09:24:18'),(33,'2023-02-07','Pengeluaran',27695,'Inventore.',3,1,4,'cash','2023-10-07 09:24:18','2023-10-07 09:24:18'),(34,'2023-02-07','Pemasukan',233005,'Qui.',8,1,3,'bank','2023-10-07 09:24:18','2023-10-07 09:24:18'),(35,'2023-02-07','Pengeluaran',12619,'Quo quod.',2,1,4,'cash','2023-10-07 09:24:18','2023-10-07 09:24:18'),(36,'2023-02-07','Pengeluaran',10991,'Qui totam.',4,1,4,'cash','2023-10-07 09:24:18','2023-10-07 09:24:18'),(37,'2023-02-07','Pemasukan',204978,'Quod.',6,1,4,'cash','2023-10-07 09:24:18','2023-10-07 09:24:18'),(38,'2023-02-07','Pemasukan',383416,'Ad quidem.',6,1,3,'bank','2023-10-07 09:24:18','2023-10-07 09:24:18'),(39,'2023-02-07','Pengeluaran',37273,'Qui.',5,1,3,'bank','2023-10-07 09:24:18','2023-10-07 09:24:18'),(40,'2023-02-07','Pemasukan',232110,'Eius non.',7,1,3,'bank','2023-10-07 09:24:18','2023-10-07 09:24:18'),(41,'2023-03-07','Pengeluaran',18489,'Beatae.',2,1,3,'bank','2023-10-07 09:24:18','2023-10-07 09:24:18'),(42,'2023-03-07','Pemasukan',356144,'Iste.',7,1,3,'bank','2023-10-07 09:24:18','2023-10-07 09:24:18'),(43,'2023-03-07','Pemasukan',317609,'Doloribus.',6,1,2,'cash','2023-10-07 09:24:18','2023-10-07 09:24:18'),(44,'2023-03-07','Pemasukan',292229,'Corporis.',8,1,2,'cash','2023-10-07 09:24:18','2023-10-07 09:24:18'),(45,'2023-03-07','Pengeluaran',15753,'Ducimus.',2,1,3,'bank','2023-10-07 09:24:18','2023-10-07 09:24:18'),(46,'2023-03-07','Pemasukan',363057,'Voluptate.',7,1,1,'bank','2023-10-07 09:24:18','2023-10-07 09:24:18'),(47,'2023-03-07','Pengeluaran',38780,'Quas.',4,1,4,'cash','2023-10-07 09:24:18','2023-10-07 09:24:18'),(48,'2023-03-07','Pengeluaran',36808,'Quia.',4,1,5,'cash','2023-10-07 09:24:18','2023-10-07 09:24:18'),(49,'2023-03-07','Pengeluaran',16586,'Maiores.',3,1,5,'cash','2023-10-07 09:24:18','2023-10-07 09:24:18'),(50,'2023-03-07','Pemasukan',184499,'Quisquam.',6,1,4,'cash','2023-10-07 09:24:18','2023-10-07 09:24:18'),(51,'2023-03-07','Pemasukan',375370,'Eos.',8,1,4,'cash','2023-10-07 09:24:18','2023-10-07 09:24:18'),(52,'2023-03-07','Pemasukan',361015,'Iste.',8,1,2,'cash','2023-10-07 09:24:18','2023-10-07 09:24:18'),(53,'2023-03-07','Pengeluaran',16874,'Accusamus.',1,1,1,'bank','2023-10-07 09:24:18','2023-10-07 09:24:18'),(54,'2023-03-07','Pemasukan',317279,'A.',8,1,5,'cash','2023-10-07 09:24:18','2023-10-07 09:24:18'),(55,'2023-03-07','Pengeluaran',39218,'Et sunt.',2,1,4,'cash','2023-10-07 09:24:18','2023-10-07 09:24:18'),(56,'2023-03-07','Pemasukan',242742,'Aperiam.',7,1,5,'cash','2023-10-07 09:24:18','2023-10-07 09:24:18'),(57,'2023-03-07','Pemasukan',146344,'Corporis.',6,1,1,'bank','2023-10-07 09:24:18','2023-10-07 09:24:18'),(58,'2023-03-07','Pemasukan',138821,'Id labore.',6,1,3,'bank','2023-10-07 09:24:18','2023-10-07 09:24:18'),(59,'2023-03-07','Pemasukan',353377,'Odio aut.',8,1,2,'cash','2023-10-07 09:24:18','2023-10-07 09:24:18'),(60,'2023-03-07','Pengeluaran',21971,'Aut.',5,1,5,'cash','2023-10-07 09:24:18','2023-10-07 09:24:18'),(61,'2023-04-07','Pengeluaran',19285,'Suscipit.',3,1,4,'cash','2023-10-07 09:24:18','2023-10-07 09:24:18'),(62,'2023-04-07','Pemasukan',211260,'Incidunt.',8,1,5,'cash','2023-10-07 09:24:18','2023-10-07 09:24:18'),(63,'2023-04-07','Pengeluaran',14351,'Itaque.',1,1,3,'bank','2023-10-07 09:24:18','2023-10-07 09:24:18'),(64,'2023-04-07','Pengeluaran',34782,'Iste eius.',4,1,2,'cash','2023-10-07 09:24:18','2023-10-07 09:24:18'),(65,'2023-04-07','Pengeluaran',18135,'Fuga.',1,1,3,'bank','2023-10-07 09:24:18','2023-10-07 09:24:18'),(66,'2023-04-07','Pemasukan',318629,'Cum et.',8,1,1,'bank','2023-10-07 09:24:18','2023-10-07 09:24:18'),(67,'2023-04-07','Pengeluaran',37674,'Et iusto.',2,1,4,'cash','2023-10-07 09:24:18','2023-10-07 09:24:18'),(68,'2023-04-07','Pengeluaran',12694,'Sed.',3,1,3,'bank','2023-10-07 09:24:18','2023-10-07 09:24:18'),(69,'2023-04-07','Pengeluaran',33242,'Corporis.',2,1,5,'cash','2023-10-07 09:24:18','2023-10-07 09:24:18'),(70,'2023-04-07','Pemasukan',337240,'Qui.',6,1,1,'bank','2023-10-07 09:24:18','2023-10-07 09:24:18'),(71,'2023-04-07','Pengeluaran',26529,'Labore.',5,1,5,'cash','2023-10-07 09:24:18','2023-10-07 09:24:18'),(72,'2023-04-07','Pengeluaran',21375,'Nobis.',2,1,2,'cash','2023-10-07 09:24:18','2023-10-07 09:24:18'),(73,'2023-04-07','Pemasukan',234236,'Aut nulla.',8,1,3,'bank','2023-10-07 09:24:18','2023-10-07 09:24:18'),(74,'2023-04-07','Pemasukan',213117,'Ut.',8,1,4,'cash','2023-10-07 09:24:18','2023-10-07 09:24:18'),(75,'2023-04-07','Pengeluaran',25804,'Libero.',4,1,1,'bank','2023-10-07 09:24:18','2023-10-07 09:24:18'),(76,'2023-04-07','Pemasukan',137144,'Excepturi.',8,1,5,'cash','2023-10-07 09:24:18','2023-10-07 09:24:18'),(77,'2023-04-07','Pengeluaran',38185,'Aperiam.',5,1,4,'cash','2023-10-07 09:24:18','2023-10-07 09:24:18'),(78,'2023-04-07','Pengeluaran',17616,'Libero.',1,1,2,'cash','2023-10-07 09:24:18','2023-10-07 09:24:18'),(79,'2023-04-07','Pengeluaran',22004,'Nemo et.',5,1,1,'bank','2023-10-07 09:24:18','2023-10-07 09:24:18'),(80,'2023-04-07','Pengeluaran',21142,'Et rem.',1,1,3,'bank','2023-10-07 09:24:18','2023-10-07 09:24:18'),(81,'2023-05-07','Pemasukan',297649,'Omnis.',8,1,1,'bank','2023-10-07 09:24:18','2023-10-07 09:24:18'),(82,'2023-05-07','Pemasukan',326456,'Qui.',8,1,4,'cash','2023-10-07 09:24:18','2023-10-07 09:24:18'),(83,'2023-05-07','Pemasukan',148274,'Aut aut.',7,1,4,'cash','2023-10-07 09:24:18','2023-10-07 09:24:18'),(84,'2023-05-07','Pengeluaran',26814,'Et.',5,1,3,'bank','2023-10-07 09:24:18','2023-10-07 09:24:18'),(85,'2023-05-07','Pengeluaran',22220,'Est.',3,1,2,'cash','2023-10-07 09:24:18','2023-10-07 09:24:18'),(86,'2023-05-07','Pemasukan',243962,'Iusto.',8,1,3,'bank','2023-10-07 09:24:18','2023-10-07 09:24:18'),(87,'2023-05-07','Pemasukan',106535,'Nobis ab.',8,1,2,'cash','2023-10-07 09:24:18','2023-10-07 09:24:18'),(88,'2023-05-07','Pemasukan',107673,'Aliquam.',7,1,4,'cash','2023-10-07 09:24:18','2023-10-07 09:24:18'),(89,'2023-05-07','Pengeluaran',15484,'Sed.',2,1,2,'cash','2023-10-07 09:24:18','2023-10-07 09:24:18'),(90,'2023-05-07','Pemasukan',174493,'Aut et.',8,1,1,'bank','2023-10-07 09:24:18','2023-10-07 09:24:18'),(91,'2023-05-07','Pemasukan',141780,'Et vitae.',7,1,2,'cash','2023-10-07 09:24:18','2023-10-07 09:24:18'),(92,'2023-05-07','Pengeluaran',13518,'Qui ea et.',4,1,5,'cash','2023-10-07 09:24:18','2023-10-07 09:24:18'),(93,'2023-05-07','Pengeluaran',39390,'Delectus.',3,1,1,'bank','2023-10-07 09:24:18','2023-10-07 09:24:18'),(94,'2023-05-07','Pemasukan',381837,'Eaque.',6,1,3,'bank','2023-10-07 09:24:18','2023-10-07 09:24:18'),(95,'2023-05-07','Pemasukan',115028,'Dolores.',6,1,1,'bank','2023-10-07 09:24:18','2023-10-07 09:24:18'),(97,'2023-05-07','Pengeluaran',39388,'Impedit.',3,1,4,'cash','2023-10-07 09:24:18','2023-10-07 09:24:18'),(98,'2023-05-07','Pemasukan',291617,'Sunt.',6,1,2,'cash','2023-10-07 09:24:18','2023-10-07 09:24:18'),(99,'2023-05-07','Pengeluaran',26854,'Dicta et.',3,1,1,'bank','2023-10-07 09:24:18','2023-10-07 09:24:18'),(100,'2023-05-07','Pemasukan',134481,'Itaque ut.',7,1,5,'cash','2023-10-07 09:24:18','2023-10-07 09:24:18'),(101,'2023-06-07','Pemasukan',367205,'Facilis.',7,1,3,'bank','2023-10-07 09:24:18','2023-10-07 09:24:18'),(102,'2023-06-07','Pengeluaran',38083,'Et.',2,1,5,'cash','2023-10-07 09:24:18','2023-10-07 09:24:18'),(103,'2023-06-07','Pengeluaran',34961,'Aliquam.',3,1,1,'bank','2023-10-07 09:24:18','2023-10-07 09:24:18'),(104,'2023-06-07','Pengeluaran',30873,'Odit.',1,1,4,'cash','2023-10-07 09:24:18','2023-10-07 09:24:18'),(105,'2023-06-07','Pengeluaran',29320,'Possimus.',4,1,5,'cash','2023-10-07 09:24:18','2023-10-07 09:24:18'),(106,'2023-06-07','Pemasukan',176219,'Nisi.',8,1,1,'bank','2023-10-07 09:24:18','2023-10-07 09:24:18'),(107,'2023-06-07','Pengeluaran',29667,'Rerum.',2,1,1,'bank','2023-10-07 09:24:18','2023-10-07 09:24:18'),(108,'2023-06-07','Pemasukan',149236,'Et in id.',8,1,4,'cash','2023-10-07 09:24:18','2023-10-07 09:24:18'),(109,'2023-06-07','Pengeluaran',37864,'Esse est.',1,1,2,'cash','2023-10-07 09:24:18','2023-10-07 09:24:18'),(110,'2023-06-07','Pengeluaran',25730,'Fugiat.',1,1,3,'bank','2023-10-07 09:24:18','2023-10-07 09:24:18'),(111,'2023-06-07','Pengeluaran',30204,'Dolore.',4,1,2,'cash','2023-10-07 09:24:18','2023-10-07 09:24:18'),(112,'2023-06-07','Pengeluaran',16231,'Explicabo.',2,1,4,'cash','2023-10-07 09:24:18','2023-10-07 09:24:18'),(113,'2023-06-07','Pengeluaran',23789,'Officia.',2,1,5,'cash','2023-10-07 09:24:18','2023-10-07 09:24:18'),(114,'2023-06-07','Pengeluaran',35926,'Quis quo.',2,1,5,'cash','2023-10-07 09:24:18','2023-10-07 09:24:18'),(115,'2023-06-07','Pengeluaran',19238,'Enim at.',4,1,4,'cash','2023-10-07 09:24:18','2023-10-07 09:24:18'),(116,'2023-06-07','Pengeluaran',10059,'Enim.',3,1,1,'bank','2023-10-07 09:24:18','2023-10-07 09:24:18'),(117,'2023-06-07','Pemasukan',236585,'Qui et.',7,1,1,'bank','2023-10-07 09:24:18','2023-10-07 09:24:18'),(118,'2023-06-07','Pemasukan',361801,'Id est.',8,1,3,'bank','2023-10-07 09:24:18','2023-10-07 09:24:18'),(119,'2023-06-07','Pemasukan',397526,'Delectus.',6,1,5,'cash','2023-10-07 09:24:18','2023-10-07 09:24:18'),(120,'2023-06-07','Pengeluaran',28222,'Vitae.',3,1,5,'cash','2023-10-07 09:24:18','2023-10-07 09:24:18'),(121,'2023-07-07','Pengeluaran',29611,'Enim.',5,1,1,'bank','2023-10-07 09:24:18','2023-10-07 09:24:18'),(122,'2023-07-07','Pemasukan',320095,'Aut.',7,1,1,'bank','2023-10-07 09:24:18','2023-10-07 09:24:18'),(123,'2023-07-07','Pengeluaran',20262,'Eos a.',5,1,2,'cash','2023-10-07 09:24:18','2023-10-07 09:24:18'),(124,'2023-07-07','Pengeluaran',30534,'Natus.',5,1,2,'cash','2023-10-07 09:24:18','2023-10-07 09:24:18'),(125,'2023-07-07','Pengeluaran',12559,'Sunt illo.',5,1,3,'bank','2023-10-07 09:24:18','2023-10-07 09:24:18'),(126,'2023-07-07','Pengeluaran',16441,'Repellat.',4,1,1,'bank','2023-10-07 09:24:18','2023-10-07 09:24:18'),(127,'2023-07-07','Pemasukan',203946,'Ut est.',8,1,5,'cash','2023-10-07 09:24:18','2023-10-07 09:24:18'),(128,'2023-07-07','Pengeluaran',26776,'Aperiam.',1,1,4,'cash','2023-10-07 09:24:18','2023-10-07 09:24:18'),(129,'2023-07-07','Pengeluaran',27617,'In rem.',5,1,1,'bank','2023-10-07 09:24:18','2023-10-07 09:24:18'),(130,'2023-07-07','Pengeluaran',23741,'Pariatur.',2,1,5,'cash','2023-10-07 09:24:18','2023-10-07 09:24:18'),(131,'2023-07-07','Pengeluaran',16090,'Beatae.',2,1,5,'cash','2023-10-07 09:24:18','2023-10-07 09:24:18'),(132,'2023-07-07','Pemasukan',386789,'Porro.',7,1,2,'cash','2023-10-07 09:24:18','2023-10-07 09:24:18'),(133,'2023-07-07','Pemasukan',225150,'Magnam.',7,1,2,'cash','2023-10-07 09:24:18','2023-10-07 09:24:18'),(134,'2023-07-07','Pengeluaran',22292,'Sed vel.',5,1,3,'bank','2023-10-07 09:24:18','2023-10-07 09:24:18'),(135,'2023-07-07','Pengeluaran',34088,'Autem.',3,1,2,'cash','2023-10-07 09:24:18','2023-10-07 09:24:18'),(136,'2023-07-07','Pemasukan',187148,'Assumenda.',8,1,1,'bank','2023-10-07 09:24:18','2023-10-07 09:24:18'),(137,'2023-07-07','Pengeluaran',19150,'Nemo.',1,1,4,'cash','2023-10-07 09:24:18','2023-10-07 09:24:18'),(138,'2023-07-07','Pemasukan',231336,'Non.',8,1,4,'cash','2023-10-07 09:24:18','2023-10-07 09:24:18'),(139,'2023-07-07','Pengeluaran',22806,'Quasi est.',1,1,2,'cash','2023-10-07 09:24:18','2023-10-07 09:24:18'),(140,'2023-07-07','Pengeluaran',32432,'Assumenda.',4,1,1,'bank','2023-10-07 09:24:18','2023-10-07 09:24:18'),(141,'2023-08-07','Pemasukan',253556,'Qui.',6,1,5,'cash','2023-10-07 09:24:18','2023-10-07 09:24:18'),(142,'2023-08-07','Pengeluaran',13512,'Itaque.',5,1,2,'cash','2023-10-07 09:24:18','2023-10-07 09:24:18'),(143,'2023-08-07','Pemasukan',254963,'Quaerat.',7,1,2,'cash','2023-10-07 09:24:18','2023-10-07 09:24:18'),(144,'2023-08-07','Pengeluaran',36156,'Ea.',2,1,4,'cash','2023-10-07 09:24:18','2023-10-07 09:24:18'),(145,'2023-08-07','Pengeluaran',21668,'Quasi.',3,1,5,'cash','2023-10-07 09:24:18','2023-10-07 09:24:18'),(146,'2023-08-07','Pemasukan',380584,'Ut.',7,1,2,'cash','2023-10-07 09:24:18','2023-10-07 09:24:18'),(147,'2023-08-07','Pengeluaran',21189,'Quo est.',3,1,4,'cash','2023-10-07 09:24:18','2023-10-07 09:24:18'),(148,'2023-08-07','Pemasukan',352921,'Omnis et.',6,1,5,'cash','2023-10-07 09:24:18','2023-10-07 09:24:18'),(149,'2023-08-07','Pengeluaran',30123,'Molestias.',2,1,4,'cash','2023-10-07 09:24:18','2023-10-07 09:24:18'),(150,'2023-08-07','Pengeluaran',32139,'Iste qui.',3,1,4,'cash','2023-10-07 09:24:18','2023-10-07 09:24:18'),(151,'2023-08-07','Pengeluaran',20686,'Molestiae.',3,1,3,'bank','2023-10-07 09:24:18','2023-10-07 09:24:18'),(152,'2023-08-07','Pengeluaran',19450,'Odit.',2,1,1,'bank','2023-10-07 09:24:18','2023-10-07 09:24:18'),(153,'2023-08-07','Pengeluaran',19342,'Natus.',2,1,2,'cash','2023-10-07 09:24:18','2023-10-07 09:24:18'),(154,'2023-08-07','Pemasukan',220992,'Sed enim.',6,1,3,'bank','2023-10-07 09:24:18','2023-10-07 09:24:18'),(155,'2023-08-07','Pemasukan',233846,'Voluptas.',8,1,5,'cash','2023-10-07 09:24:18','2023-10-07 09:24:18'),(156,'2023-08-07','Pemasukan',334622,'Dolorem.',6,1,2,'cash','2023-10-07 09:24:18','2023-10-07 09:24:18'),(157,'2023-08-07','Pengeluaran',36960,'Animi.',5,1,3,'bank','2023-10-07 09:24:18','2023-10-07 09:24:18'),(158,'2023-08-07','Pemasukan',222975,'Officia.',6,1,4,'cash','2023-10-07 09:24:18','2023-10-07 09:24:18'),(159,'2023-08-07','Pengeluaran',38543,'Sit est.',2,1,2,'cash','2023-10-07 09:24:18','2023-10-07 09:24:18'),(160,'2023-08-07','Pengeluaran',26864,'Similique.',5,1,1,'bank','2023-10-07 09:24:18','2023-10-07 09:24:18'),(161,'2023-09-07','Pengeluaran',21774,'Ut.',2,1,2,'cash','2023-10-07 09:24:18','2023-10-07 09:24:18'),(162,'2023-09-07','Pengeluaran',30064,'Voluptas.',3,1,2,'cash','2023-10-07 09:24:18','2023-10-07 09:24:18'),(163,'2023-09-07','Pemasukan',327310,'Dolor in.',8,1,4,'cash','2023-10-07 09:24:18','2023-10-07 09:24:18'),(164,'2023-09-07','Pengeluaran',11876,'Accusamus.',5,1,5,'cash','2023-10-07 09:24:18','2023-10-07 09:24:18'),(165,'2023-09-07','Pengeluaran',28390,'Magni.',3,1,2,'cash','2023-10-07 09:24:18','2023-10-07 09:24:18'),(166,'2023-09-07','Pengeluaran',33262,'Sed.',4,1,1,'bank','2023-10-07 09:24:18','2023-10-07 09:24:18'),(167,'2023-09-07','Pengeluaran',20430,'Et enim.',1,1,1,'bank','2023-10-07 09:24:18','2023-10-07 09:24:18'),(168,'2023-09-07','Pengeluaran',18995,'Vero.',3,1,5,'cash','2023-10-07 09:24:18','2023-10-07 09:24:18'),(169,'2023-09-07','Pemasukan',210623,'Molestiae.',8,1,1,'bank','2023-10-07 09:24:18','2023-10-07 09:24:18'),(170,'2023-09-07','Pengeluaran',28353,'Itaque.',1,1,5,'cash','2023-10-07 09:24:18','2023-10-07 09:24:18'),(171,'2023-09-07','Pengeluaran',31651,'Neque.',4,1,2,'cash','2023-10-07 09:24:18','2023-10-07 09:24:18'),(172,'2023-09-07','Pengeluaran',19113,'Rem.',5,1,3,'bank','2023-10-07 09:24:18','2023-10-07 09:24:18'),(173,'2023-09-07','Pengeluaran',19080,'Ut.',4,1,5,'cash','2023-10-07 09:24:18','2023-10-07 09:24:18'),(174,'2023-09-07','Pengeluaran',20876,'At.',3,1,2,'cash','2023-10-07 09:24:18','2023-10-07 09:24:18'),(175,'2023-09-07','Pengeluaran',22142,'Cumque.',3,1,4,'cash','2023-10-07 09:24:19','2023-10-07 09:24:19'),(176,'2023-09-07','Pengeluaran',13669,'Qui.',3,1,1,'bank','2023-10-07 09:24:19','2023-10-07 09:24:19'),(177,'2023-09-07','Pemasukan',165197,'Deserunt.',7,1,5,'cash','2023-10-07 09:24:19','2023-10-07 09:24:19'),(178,'2023-09-07','Pemasukan',146580,'Sint.',6,1,2,'cash','2023-10-07 09:24:19','2023-10-07 09:24:19'),(179,'2023-09-07','Pengeluaran',32053,'Sed quia.',3,1,5,'cash','2023-10-07 09:24:19','2023-10-07 09:24:19'),(181,'2023-10-07','Pengeluaran',29220,'Est et.',3,1,5,'cash','2023-10-07 09:24:19','2023-10-07 09:24:19'),(182,'2023-10-07','Pengeluaran',16886,'Repellat.',1,1,4,'cash','2023-10-07 09:24:19','2023-10-07 09:24:19'),(183,'2023-10-07','Pemasukan',324595,'Fugiat ex.',6,1,5,'cash','2023-10-07 09:24:19','2023-10-07 09:24:19'),(184,'2023-10-07','Pengeluaran',36803,'Dolores.',2,1,2,'cash','2023-10-07 09:24:19','2023-10-07 09:24:19'),(185,'2023-10-07','Pemasukan',161686,'Enim.',7,1,2,'cash','2023-10-07 09:24:19','2023-10-07 09:24:19'),(186,'2023-10-07','Pengeluaran',23679,'Amet.',3,1,1,'bank','2023-10-07 09:24:19','2023-10-07 09:24:19'),(187,'2023-10-07','Pengeluaran',31443,'Harum.',4,1,4,'cash','2023-10-07 09:24:19','2023-10-07 09:24:19'),(188,'2023-10-07','Pemasukan',297055,'Sed quia.',8,1,4,'cash','2023-10-07 09:24:19','2023-10-07 09:24:19'),(189,'2023-10-07','Pemasukan',142355,'Omnis.',6,1,2,'cash','2023-10-07 09:24:19','2023-10-07 09:24:19'),(190,'2023-10-07','Pengeluaran',32372,'Nulla.',5,1,5,'cash','2023-10-07 09:24:19','2023-10-07 09:24:19'),(191,'2023-10-07','Pengeluaran',16703,'Quis ut.',3,1,2,'cash','2023-10-07 09:24:19','2023-10-07 09:24:19'),(192,'2023-10-07','Pemasukan',197721,'Qui.',7,1,3,'bank','2023-10-07 09:24:19','2023-10-07 09:24:19'),(193,'2023-10-07','Pengeluaran',12779,'Quae non.',3,1,4,'cash','2023-10-07 09:24:19','2023-10-07 09:24:19'),(194,'2023-10-07','Pemasukan',129715,'Quasi.',7,1,1,'bank','2023-10-07 09:24:19','2023-10-07 09:24:19'),(195,'2023-10-07','Pengeluaran',16704,'Eveniet.',4,1,3,'bank','2023-10-07 09:24:19','2023-10-07 09:24:19'),(196,'2023-10-07','Pengeluaran',15155,'Fugit.',1,1,2,'cash','2023-10-07 09:24:19','2023-10-07 09:24:19'),(197,'2023-10-07','Pemasukan',278529,'Non sunt.',7,1,4,'cash','2023-10-07 09:24:19','2023-10-07 09:24:19'),(198,'2023-10-07','Pengeluaran',22881,'Aut.',4,1,5,'cash','2023-10-07 09:24:19','2023-10-07 09:24:19'),(199,'2023-10-07','Pemasukan',307624,'Fugiat.',8,1,2,'cash','2023-10-07 09:24:19','2023-10-07 09:24:19'),(200,'2023-10-07','Pengeluaran',11685,'Nisi.',4,1,3,'bank','2023-10-07 09:24:19','2023-10-07 09:24:19'),(201,'2023-11-07','Pengeluaran',17633,'Aut eum.',2,1,5,'cash','2023-10-07 09:24:19','2023-10-07 09:24:19'),(202,'2023-11-07','Pemasukan',389738,'Placeat.',8,1,1,'bank','2023-10-07 09:24:19','2023-10-07 09:24:19'),(203,'2023-11-07','Pengeluaran',38208,'Et alias.',3,1,2,'cash','2023-10-07 09:24:19','2023-10-07 09:24:19'),(204,'2023-11-07','Pengeluaran',26721,'Placeat.',4,1,4,'cash','2023-10-07 09:24:19','2023-10-07 09:24:19'),(205,'2023-11-07','Pengeluaran',38245,'Nihil.',3,1,2,'cash','2023-10-07 09:24:19','2023-10-07 09:24:19'),(206,'2023-11-07','Pemasukan',203311,'Molestiae.',8,1,4,'cash','2023-10-07 09:24:19','2023-10-07 09:24:19'),(207,'2023-11-07','Pengeluaran',32456,'Officiis.',3,1,5,'cash','2023-10-07 09:24:19','2023-10-07 09:24:19'),(208,'2023-11-07','Pemasukan',196088,'Dolorem.',7,1,4,'cash','2023-10-07 09:24:19','2023-10-07 09:24:19'),(209,'2023-11-07','Pemasukan',342984,'Sequi.',6,1,3,'bank','2023-10-07 09:24:19','2023-10-07 09:24:19'),(210,'2023-11-07','Pengeluaran',19579,'Voluptas.',2,1,1,'bank','2023-10-07 09:24:19','2023-10-07 09:24:19'),(211,'2023-11-07','Pengeluaran',26561,'Rem.',3,1,1,'bank','2023-10-07 09:24:19','2023-10-07 09:24:19'),(212,'2023-11-07','Pemasukan',217849,'Nihil est.',8,1,5,'cash','2023-10-07 09:24:19','2023-10-07 09:24:19'),(213,'2023-11-07','Pengeluaran',11382,'Vitae.',1,1,1,'bank','2023-10-07 09:24:19','2023-10-07 09:24:19'),(214,'2023-11-07','Pengeluaran',24349,'Minima id.',5,1,3,'bank','2023-10-07 09:24:19','2023-10-07 09:24:19'),(215,'2023-11-07','Pemasukan',188019,'Non.',7,1,4,'cash','2023-10-07 09:24:19','2023-10-07 09:24:19'),(216,'2023-11-07','Pengeluaran',25562,'Quaerat.',5,1,1,'bank','2023-10-07 09:24:19','2023-10-07 09:24:19'),(217,'2023-11-07','Pengeluaran',33706,'Fugit.',4,1,1,'bank','2023-10-07 09:24:19','2023-10-07 09:24:19'),(218,'2023-11-07','Pengeluaran',19402,'Id odit.',5,1,5,'cash','2023-10-07 09:24:19','2023-10-07 09:24:19'),(219,'2023-11-07','Pemasukan',295919,'In rerum.',6,1,5,'cash','2023-10-07 09:24:19','2023-10-07 09:24:19'),(220,'2023-11-07','Pengeluaran',16299,'Est.',3,1,3,'bank','2023-10-07 09:24:19','2023-10-07 09:24:19'),(221,'2023-12-07','Pengeluaran',32142,'Numquam.',3,1,2,'cash','2023-10-07 09:24:19','2023-10-07 09:24:19'),(222,'2023-12-07','Pengeluaran',17438,'Ab.',3,1,4,'cash','2023-10-07 09:24:19','2023-10-07 09:24:19'),(223,'2023-12-07','Pengeluaran',16655,'Porro.',1,1,4,'cash','2023-10-07 09:24:19','2023-10-07 09:24:19'),(224,'2023-12-07','Pengeluaran',16716,'Odio.',3,1,2,'cash','2023-10-07 09:24:19','2023-10-07 09:24:19'),(225,'2023-12-07','Pemasukan',134976,'Optio.',6,1,1,'bank','2023-10-07 09:24:19','2023-10-07 09:24:19'),(226,'2023-12-07','Pengeluaran',23940,'Hic.',1,1,3,'bank','2023-10-07 09:24:19','2023-10-07 09:24:19'),(227,'2023-12-07','Pengeluaran',25900,'Et sed et.',4,1,2,'cash','2023-10-07 09:24:19','2023-10-07 09:24:19'),(228,'2023-12-07','Pemasukan',348273,'Tempore.',6,1,4,'cash','2023-10-07 09:24:19','2023-10-07 09:24:19'),(229,'2023-12-07','Pemasukan',103571,'Molestiae.',8,1,2,'cash','2023-10-07 09:24:19','2023-10-07 09:24:19'),(230,'2023-12-07','Pemasukan',278914,'Autem qui.',7,1,3,'bank','2023-10-07 09:24:19','2023-10-07 09:24:19'),(231,'2023-12-07','Pengeluaran',17923,'Et vero.',5,1,5,'cash','2023-10-07 09:24:19','2023-10-07 09:24:19'),(232,'2023-12-07','Pemasukan',221547,'Voluptas.',7,1,2,'cash','2023-10-07 09:24:19','2023-10-07 09:24:19'),(233,'2023-12-07','Pengeluaran',18991,'Quis.',3,1,3,'bank','2023-10-07 09:24:19','2023-10-07 09:24:19'),(234,'2023-12-07','Pengeluaran',34174,'Qui ex.',1,1,5,'cash','2023-10-07 09:24:19','2023-10-07 09:24:19'),(235,'2023-12-07','Pengeluaran',22319,'Fugiat.',4,1,4,'cash','2023-10-07 09:24:19','2023-10-07 09:24:19'),(236,'2023-12-07','Pemasukan',272310,'Debitis.',8,1,5,'cash','2023-10-07 09:24:19','2023-10-07 09:24:19'),(237,'2023-12-07','Pengeluaran',10092,'Quia eos.',5,1,2,'cash','2023-10-07 09:24:19','2023-10-07 09:24:19'),(238,'2023-12-07','Pengeluaran',25611,'Sit nobis.',4,1,4,'cash','2023-10-07 09:24:19','2023-10-07 09:24:19'),(239,'2023-12-07','Pemasukan',293548,'Eveniet.',6,1,1,'bank','2023-10-07 09:24:19','2023-10-07 09:24:19'),(240,'2023-12-07','Pengeluaran',11401,'Eum eius.',2,1,1,'bank','2023-10-07 09:24:19','2023-10-07 09:24:19'),(241,'2023-10-11','Pengeluaran',20000,'dagdag',1,1,1,'bank','2023-10-11 06:45:14','2023-10-11 06:45:14'),(242,'2023-01-07','Pengeluaran',39184,'Officia.',3,1,2,'cash','2023-10-14 02:29:58','2023-10-14 02:29:58'),(243,'2023-01-07','Pengeluaran',13736,'Corrupti.',2,1,2,'cash','2023-10-14 02:29:58','2023-10-14 02:29:58'),(244,'2023-01-07','Pengeluaran',12872,'Autem.',3,1,2,'cash','2023-10-14 02:29:58','2023-10-14 02:29:58'),(245,'2023-01-07','Pengeluaran',14070,'Corrupti.',5,1,2,'bank','2023-10-14 02:29:58','2023-10-14 02:29:58'),(246,'2023-01-07','Pengeluaran',37178,'Mollitia.',4,1,1,'bank','2023-10-14 02:29:58','2023-10-14 02:29:58'),(247,'2023-01-07','Pengeluaran',35988,'Ab et et.',5,1,2,'cash','2023-10-14 02:29:58','2023-10-14 02:29:58'),(248,'2023-01-07','Pengeluaran',21021,'At culpa.',5,1,1,'bank','2023-10-14 02:29:58','2023-10-14 02:29:58'),(249,'2023-01-07','Pengeluaran',28842,'Velit id.',2,1,2,'bank','2023-10-14 02:29:58','2023-10-14 02:29:58'),(250,'2023-01-07','Pengeluaran',12766,'Numquam.',3,1,2,'bank','2023-10-14 02:29:58','2023-10-14 02:29:58'),(251,'2023-01-07','Pengeluaran',20278,'Autem.',3,1,1,'bank','2023-10-14 02:29:58','2023-10-14 02:29:58'),(252,'2023-02-07','Pengeluaran',37203,'Facilis.',5,1,2,'cash','2023-10-14 02:29:58','2023-10-14 02:29:58'),(253,'2023-02-07','Pengeluaran',30571,'Optio et.',5,1,1,'cash','2023-10-14 02:29:58','2023-10-14 02:29:58'),(254,'2023-02-07','Pengeluaran',27580,'Rerum.',1,1,2,'cash','2023-10-14 02:29:58','2023-10-14 02:29:58'),(255,'2023-02-07','Pengeluaran',20589,'Ut.',1,1,2,'bank','2023-10-14 02:29:58','2023-10-14 02:29:58'),(256,'2023-02-07','Pengeluaran',12488,'Ullam.',1,1,1,'cash','2023-10-14 02:29:58','2023-10-14 02:29:58'),(257,'2023-02-07','Pengeluaran',20182,'Eligendi.',4,1,2,'bank','2023-10-14 02:29:58','2023-10-14 02:29:58'),(258,'2023-02-07','Pengeluaran',30859,'Et.',3,1,1,'cash','2023-10-14 02:29:58','2023-10-14 02:29:58'),(259,'2023-02-07','Pengeluaran',17578,'Libero.',2,1,2,'cash','2023-10-14 02:29:58','2023-10-14 02:29:58'),(260,'2023-02-07','Pengeluaran',27695,'Inventore.',3,1,2,'cash','2023-10-14 02:29:58','2023-10-14 02:29:58'),(261,'2023-02-07','Pengeluaran',12619,'Quo quod.',2,1,2,'cash','2023-10-14 02:29:58','2023-10-14 02:29:58'),(262,'2023-02-07','Pengeluaran',10991,'Qui totam.',4,1,2,'cash','2023-10-14 02:29:58','2023-10-14 02:29:58'),(263,'2023-02-07','Pengeluaran',37273,'Qui.',5,1,2,'bank','2023-10-14 02:29:58','2023-10-14 02:29:58'),(264,'2023-03-07','Pengeluaran',18489,'Beatae.',2,1,2,'bank','2023-10-14 02:29:58','2023-10-14 02:29:58'),(265,'2023-03-07','Pengeluaran',15753,'Ducimus.',2,1,2,'bank','2023-10-14 02:29:58','2023-10-14 02:29:58'),(266,'2023-03-07','Pengeluaran',38780,'Quas.',4,1,2,'cash','2023-10-14 02:29:58','2023-10-14 02:29:58'),(267,'2023-03-07','Pengeluaran',36808,'Quia.',4,1,1,'cash','2023-10-14 02:29:58','2023-10-14 02:29:58'),(268,'2023-03-07','Pengeluaran',16586,'Maiores.',3,1,1,'cash','2023-10-14 02:29:58','2023-10-14 02:29:58'),(269,'2023-03-07','Pengeluaran',16874,'Accusamus.',1,1,1,'bank','2023-10-14 02:29:58','2023-10-14 02:29:58'),(270,'2023-03-07','Pengeluaran',39218,'Et sunt.',2,1,2,'cash','2023-10-14 02:29:58','2023-10-14 02:29:58'),(271,'2023-03-07','Pengeluaran',21971,'Aut.',5,1,1,'cash','2023-10-14 02:29:58','2023-10-14 02:29:58'),(272,'2023-04-07','Pengeluaran',19285,'Suscipit.',3,1,2,'cash','2023-10-14 02:29:58','2023-10-14 02:29:58'),(273,'2023-04-07','Pengeluaran',14351,'Itaque.',1,1,2,'bank','2023-10-14 02:29:58','2023-10-14 02:29:58'),(274,'2023-04-07','Pengeluaran',34782,'Iste eius.',4,1,2,'cash','2023-10-14 02:29:58','2023-10-14 02:29:58'),(275,'2023-04-07','Pengeluaran',18135,'Fuga.',1,1,2,'bank','2023-10-14 02:29:58','2023-10-14 02:29:58'),(276,'2023-04-07','Pengeluaran',37674,'Et iusto.',2,1,2,'cash','2023-10-14 02:29:58','2023-10-14 02:29:58'),(277,'2023-04-07','Pengeluaran',12694,'Sed.',3,1,2,'bank','2023-10-14 02:29:58','2023-10-14 02:29:58'),(278,'2023-04-07','Pengeluaran',33242,'Corporis.',2,1,1,'cash','2023-10-14 02:29:58','2023-10-14 02:29:58'),(279,'2023-04-07','Pengeluaran',26529,'Labore.',5,1,1,'cash','2023-10-14 02:29:58','2023-10-14 02:29:58'),(280,'2023-04-07','Pengeluaran',21375,'Nobis.',2,1,2,'cash','2023-10-14 02:29:58','2023-10-14 02:29:58'),(281,'2023-04-07','Pengeluaran',25804,'Libero.',4,1,1,'bank','2023-10-14 02:29:58','2023-10-14 02:29:58'),(282,'2023-04-07','Pengeluaran',38185,'Aperiam.',5,1,2,'cash','2023-10-14 02:29:58','2023-10-14 02:29:58'),(283,'2023-04-07','Pengeluaran',17616,'Libero.',1,1,2,'cash','2023-10-14 02:29:58','2023-10-14 02:29:58'),(284,'2023-04-07','Pengeluaran',22004,'Nemo et.',5,1,1,'bank','2023-10-14 02:29:58','2023-10-14 02:29:58'),(285,'2023-04-07','Pengeluaran',21142,'Et rem.',1,1,2,'bank','2023-10-14 02:29:58','2023-10-14 02:29:58'),(286,'2023-05-07','Pengeluaran',26814,'Et.',5,1,2,'bank','2023-10-14 02:29:58','2023-10-14 02:29:58'),(287,'2023-05-07','Pengeluaran',22220,'Est.',3,1,2,'cash','2023-10-14 02:29:58','2023-10-14 02:29:58'),(288,'2023-05-07','Pengeluaran',15484,'Sed.',2,1,2,'cash','2023-10-14 02:29:58','2023-10-14 02:29:58'),(289,'2023-05-07','Pengeluaran',13518,'Qui ea et.',4,1,1,'cash','2023-10-14 02:29:58','2023-10-14 02:29:58'),(290,'2023-05-07','Pengeluaran',39390,'Delectus.',3,1,1,'bank','2023-10-14 02:29:58','2023-10-14 02:29:58'),(291,'2023-05-07','Pengeluaran',39388,'Impedit.',3,1,2,'cash','2023-10-14 02:29:58','2023-10-14 02:29:58'),(292,'2023-05-07','Pengeluaran',26854,'Dicta et.',3,1,1,'bank','2023-10-14 02:29:58','2023-10-14 02:29:58'),(293,'2023-06-07','Pengeluaran',38083,'Et.',2,1,1,'cash','2023-10-14 02:29:58','2023-10-14 02:29:58'),(294,'2023-06-07','Pengeluaran',34961,'Aliquam.',3,1,1,'bank','2023-10-14 02:29:58','2023-10-14 02:29:58'),(295,'2023-06-07','Pengeluaran',30873,'Odit.',1,1,2,'cash','2023-10-14 02:29:58','2023-10-14 02:29:58'),(296,'2023-06-07','Pengeluaran',29320,'Possimus.',4,1,1,'cash','2023-10-14 02:29:58','2023-10-14 02:29:58'),(297,'2023-06-07','Pengeluaran',29667,'Rerum.',2,1,1,'bank','2023-10-14 02:29:58','2023-10-14 02:29:58'),(298,'2023-06-07','Pengeluaran',37864,'Esse est.',1,1,2,'cash','2023-10-14 02:29:58','2023-10-14 02:29:58'),(299,'2023-06-07','Pengeluaran',25730,'Fugiat.',1,1,2,'bank','2023-10-14 02:29:58','2023-10-14 02:29:58'),(300,'2023-06-07','Pengeluaran',30204,'Dolore.',4,1,2,'cash','2023-10-14 02:29:58','2023-10-14 02:29:58'),(301,'2023-06-07','Pengeluaran',16231,'Explicabo.',2,1,2,'cash','2023-10-14 02:29:58','2023-10-14 02:29:58'),(302,'2023-06-07','Pengeluaran',23789,'Officia.',2,1,1,'cash','2023-10-14 02:29:58','2023-10-14 02:29:58'),(303,'2023-06-07','Pengeluaran',35926,'Quis quo.',2,1,1,'cash','2023-10-14 02:29:58','2023-10-14 02:29:58'),(304,'2023-06-07','Pengeluaran',19238,'Enim at.',4,1,2,'cash','2023-10-14 02:29:58','2023-10-14 02:29:58'),(305,'2023-06-07','Pengeluaran',10059,'Enim.',3,1,1,'bank','2023-10-14 02:29:58','2023-10-14 02:29:58'),(306,'2023-06-07','Pengeluaran',28222,'Vitae.',3,1,1,'cash','2023-10-14 02:29:58','2023-10-14 02:29:58'),(307,'2023-07-07','Pengeluaran',29611,'Enim.',5,1,1,'bank','2023-10-14 02:29:58','2023-10-14 02:29:58'),(308,'2023-07-07','Pengeluaran',20262,'Eos a.',5,1,2,'cash','2023-10-14 02:29:58','2023-10-14 02:29:58'),(309,'2023-07-07','Pengeluaran',30534,'Natus.',5,1,2,'cash','2023-10-14 02:29:58','2023-10-14 02:29:58'),(310,'2023-07-07','Pengeluaran',12559,'Sunt illo.',5,1,2,'bank','2023-10-14 02:29:58','2023-10-14 02:29:58'),(311,'2023-07-07','Pengeluaran',16441,'Repellat.',4,1,1,'bank','2023-10-14 02:29:58','2023-10-14 02:29:58'),(312,'2023-07-07','Pengeluaran',26776,'Aperiam.',1,1,2,'cash','2023-10-14 02:29:58','2023-10-14 02:29:58'),(313,'2023-07-07','Pengeluaran',27617,'In rem.',5,1,1,'bank','2023-10-14 02:29:58','2023-10-14 02:29:58'),(314,'2023-07-07','Pengeluaran',23741,'Pariatur.',2,1,1,'cash','2023-10-14 02:29:58','2023-10-14 02:29:58'),(315,'2023-07-07','Pengeluaran',16090,'Beatae.',2,1,1,'cash','2023-10-14 02:29:58','2023-10-14 02:29:58'),(316,'2023-07-07','Pengeluaran',22292,'Sed vel.',5,1,2,'bank','2023-10-14 02:29:58','2023-10-14 02:29:58'),(317,'2023-07-07','Pengeluaran',34088,'Autem.',3,1,2,'cash','2023-10-14 02:29:58','2023-10-14 02:29:58'),(318,'2023-07-07','Pengeluaran',19150,'Nemo.',1,1,2,'cash','2023-10-14 02:29:58','2023-10-14 02:29:58'),(319,'2023-07-07','Pengeluaran',22806,'Quasi est.',1,1,2,'cash','2023-10-14 02:29:58','2023-10-14 02:29:58'),(320,'2023-07-07','Pengeluaran',32432,'Assumenda.',4,1,1,'bank','2023-10-14 02:29:58','2023-10-14 02:29:58'),(321,'2023-08-07','Pengeluaran',13512,'Itaque.',5,1,2,'cash','2023-10-14 02:29:58','2023-10-14 02:29:58'),(322,'2023-08-07','Pengeluaran',36156,'Ea.',2,1,2,'cash','2023-10-14 02:29:58','2023-10-14 02:29:58'),(323,'2023-08-07','Pengeluaran',21668,'Quasi.',3,1,1,'cash','2023-10-14 02:29:58','2023-10-14 02:29:58'),(324,'2023-08-07','Pengeluaran',21189,'Quo est.',3,1,2,'cash','2023-10-14 02:29:58','2023-10-14 02:29:58'),(325,'2023-08-07','Pengeluaran',30123,'Molestias.',2,1,2,'cash','2023-10-14 02:29:58','2023-10-14 02:29:58'),(326,'2023-08-07','Pengeluaran',32139,'Iste qui.',3,1,2,'cash','2023-10-14 02:29:58','2023-10-14 02:29:58'),(327,'2023-08-07','Pengeluaran',20686,'Molestiae.',3,1,2,'bank','2023-10-14 02:29:58','2023-10-14 02:29:58'),(328,'2023-08-07','Pengeluaran',19450,'Odit.',2,1,1,'bank','2023-10-14 02:29:58','2023-10-14 02:29:58'),(329,'2023-08-07','Pengeluaran',19342,'Natus.',2,1,2,'cash','2023-10-14 02:29:58','2023-10-14 02:29:58'),(330,'2023-08-07','Pengeluaran',36960,'Animi.',5,1,2,'bank','2023-10-14 02:29:58','2023-10-14 02:29:58'),(331,'2023-08-07','Pengeluaran',38543,'Sit est.',2,1,2,'cash','2023-10-14 02:29:58','2023-10-14 02:29:58'),(332,'2023-08-07','Pengeluaran',26864,'Similique.',5,1,1,'bank','2023-10-14 02:29:58','2023-10-14 02:29:58'),(333,'2023-09-07','Pengeluaran',21774,'Ut.',2,1,2,'cash','2023-10-14 02:29:58','2023-10-14 02:29:58'),(334,'2023-09-07','Pengeluaran',30064,'Voluptas.',3,1,2,'cash','2023-10-14 02:29:58','2023-10-14 02:29:58'),(335,'2023-09-07','Pengeluaran',11876,'Accusamus.',5,1,1,'cash','2023-10-14 02:29:58','2023-10-14 02:29:58'),(336,'2023-09-07','Pengeluaran',28390,'Magni.',3,1,2,'cash','2023-10-14 02:29:58','2023-10-14 02:29:58'),(337,'2023-09-07','Pengeluaran',33262,'Sed.',4,1,1,'bank','2023-10-14 02:29:58','2023-10-14 02:29:58'),(338,'2023-09-07','Pengeluaran',20430,'Et enim.',1,1,1,'bank','2023-10-14 02:29:58','2023-10-14 02:29:58'),(339,'2023-09-07','Pengeluaran',18995,'Vero.',3,1,1,'cash','2023-10-14 02:29:58','2023-10-14 02:29:58'),(340,'2023-09-07','Pengeluaran',28353,'Itaque.',1,1,1,'cash','2023-10-14 02:29:58','2023-10-14 02:29:58'),(341,'2023-09-07','Pengeluaran',31651,'Neque.',4,1,2,'cash','2023-10-14 02:29:58','2023-10-14 02:29:58'),(342,'2023-09-07','Pengeluaran',19113,'Rem.',5,1,2,'bank','2023-10-14 02:29:58','2023-10-14 02:29:58'),(343,'2023-09-07','Pengeluaran',19080,'Ut.',4,1,1,'cash','2023-10-14 02:29:58','2023-10-14 02:29:58'),(344,'2023-09-07','Pengeluaran',20876,'At.',3,1,2,'cash','2023-10-14 02:29:58','2023-10-14 02:29:58'),(345,'2023-09-07','Pengeluaran',22142,'Cumque.',3,1,2,'cash','2023-10-14 02:29:58','2023-10-14 02:29:58'),(346,'2023-09-07','Pengeluaran',13669,'Qui.',3,1,1,'bank','2023-10-14 02:29:58','2023-10-14 02:29:58'),(347,'2023-09-07','Pengeluaran',32053,'Sed quia.',3,1,1,'cash','2023-10-14 02:29:58','2023-10-14 02:29:58'),(348,'2023-10-07','Pengeluaran',29220,'Est et.',3,1,1,'cash','2023-10-14 02:29:58','2023-10-14 02:29:58'),(349,'2023-10-07','Pengeluaran',16886,'Repellat.',1,1,2,'cash','2023-10-14 02:29:58','2023-10-14 02:29:58'),(350,'2023-10-07','Pengeluaran',36803,'Dolores.',2,1,2,'cash','2023-10-14 02:29:58','2023-10-14 02:29:58'),(351,'2023-10-07','Pengeluaran',23679,'Amet.',3,1,1,'bank','2023-10-14 02:29:58','2023-10-14 02:29:58'),(352,'2023-10-07','Pengeluaran',31443,'Harum.',4,1,2,'cash','2023-10-14 02:29:58','2023-10-14 02:29:58'),(353,'2023-10-07','Pengeluaran',32372,'Nulla.',5,1,1,'cash','2023-10-14 02:29:58','2023-10-14 02:29:58'),(354,'2023-10-07','Pengeluaran',16703,'Quis ut.',3,1,2,'cash','2023-10-14 02:29:58','2023-10-14 02:29:58'),(355,'2023-10-07','Pengeluaran',12779,'Quae non.',3,1,2,'cash','2023-10-14 02:29:58','2023-10-14 02:29:58'),(356,'2023-10-07','Pengeluaran',16704,'Eveniet.',4,1,2,'bank','2023-10-14 02:29:58','2023-10-14 02:29:58'),(357,'2023-10-07','Pengeluaran',15155,'Fugit.',1,1,2,'cash','2023-10-14 02:29:58','2023-10-14 02:29:58'),(358,'2023-10-07','Pengeluaran',22881,'Aut.',4,1,1,'cash','2023-10-14 02:29:58','2023-10-14 02:29:58'),(359,'2023-10-07','Pengeluaran',11685,'Nisi.',4,1,2,'bank','2023-10-14 02:29:58','2023-10-14 02:29:58'),(360,'2023-11-07','Pengeluaran',17633,'Aut eum.',2,1,1,'cash','2023-10-14 02:29:58','2023-10-14 02:29:58'),(361,'2023-11-07','Pengeluaran',38208,'Et alias.',3,1,2,'cash','2023-10-14 02:29:58','2023-10-14 02:29:58'),(362,'2023-11-07','Pengeluaran',26721,'Placeat.',4,1,2,'cash','2023-10-14 02:29:58','2023-10-14 02:29:58'),(363,'2023-11-07','Pengeluaran',38245,'Nihil.',3,1,2,'cash','2023-10-14 02:29:58','2023-10-14 02:29:58'),(364,'2023-11-07','Pengeluaran',32456,'Officiis.',3,1,1,'cash','2023-10-14 02:29:58','2023-10-14 02:29:58'),(365,'2023-11-07','Pengeluaran',19579,'Voluptas.',2,1,1,'bank','2023-10-14 02:29:58','2023-10-14 02:29:58'),(366,'2023-11-07','Pengeluaran',26561,'Rem.',3,1,1,'bank','2023-10-14 02:29:58','2023-10-14 02:29:58'),(367,'2023-11-07','Pengeluaran',11382,'Vitae.',1,1,1,'bank','2023-10-14 02:29:58','2023-10-14 02:29:58'),(368,'2023-11-07','Pengeluaran',24349,'Minima id.',5,1,2,'bank','2023-10-14 02:29:58','2023-10-14 02:29:58'),(369,'2023-11-07','Pengeluaran',25562,'Quaerat.',5,1,1,'bank','2023-10-14 02:29:58','2023-10-14 02:29:58'),(370,'2023-11-07','Pengeluaran',33706,'Fugit.',4,1,1,'bank','2023-10-14 02:29:58','2023-10-14 02:29:58'),(371,'2023-11-07','Pengeluaran',19402,'Id odit.',5,1,1,'cash','2023-10-14 02:29:58','2023-10-14 02:29:58'),(372,'2023-11-07','Pengeluaran',16299,'Est.',3,1,2,'bank','2023-10-14 02:29:58','2023-10-14 02:29:58'),(373,'2023-12-07','Pengeluaran',32142,'Numquam.',3,1,2,'cash','2023-10-14 02:29:58','2023-10-14 02:29:58'),(374,'2023-12-07','Pengeluaran',17438,'Ab.',3,1,2,'cash','2023-10-14 02:29:58','2023-10-14 02:29:58'),(375,'2023-12-07','Pengeluaran',16655,'Porro.',1,1,2,'cash','2023-10-14 02:29:58','2023-10-14 02:29:58'),(376,'2023-12-07','Pengeluaran',16716,'Odio.',3,1,2,'cash','2023-10-14 02:29:58','2023-10-14 02:29:58'),(377,'2023-12-07','Pengeluaran',23940,'Hic.',1,1,2,'bank','2023-10-14 02:29:58','2023-10-14 02:29:58'),(378,'2023-12-07','Pengeluaran',25900,'Et sed et.',4,1,2,'cash','2023-10-14 02:29:58','2023-10-14 02:29:58'),(379,'2023-12-07','Pengeluaran',17923,'Et vero.',5,1,1,'cash','2023-10-14 02:29:58','2023-10-14 02:29:58'),(380,'2023-12-07','Pengeluaran',18991,'Quis.',3,1,2,'bank','2023-10-14 02:29:58','2023-10-14 02:29:58'),(381,'2023-12-07','Pengeluaran',34174,'Qui ex.',1,1,1,'cash','2023-10-14 02:29:58','2023-10-14 02:29:58'),(382,'2023-12-07','Pengeluaran',22319,'Fugiat.',4,1,2,'cash','2023-10-14 02:29:58','2023-10-14 02:29:58'),(383,'2023-12-07','Pengeluaran',10092,'Quia eos.',5,1,2,'cash','2023-10-14 02:29:58','2023-10-14 02:29:58'),(384,'2023-12-07','Pengeluaran',25611,'Sit nobis.',4,1,2,'cash','2023-10-14 02:29:58','2023-10-14 02:29:58'),(385,'2023-12-07','Pengeluaran',11401,'Eum eius.',2,1,1,'bank','2023-10-14 02:29:58','2023-10-14 02:29:58'),(386,'2023-10-11','Pengeluaran',20000,'dagdag',1,1,1,'bank','2023-10-14 02:29:59','2023-10-14 02:29:59'),(387,'2023-01-07','Pengeluaran',39184,'Officia.',3,1,2,'cash','2023-10-14 02:32:49','2023-10-14 02:32:49'),(388,'2023-01-07','Pengeluaran',13736,'Corrupti.',2,1,2,'cash','2023-10-14 02:32:49','2023-10-14 02:32:49'),(389,'2023-01-07','Pengeluaran',12872,'Autem.',3,1,2,'cash','2023-10-14 02:32:49','2023-10-14 02:32:49'),(390,'2023-01-07','Pengeluaran',14070,'Corrupti.',5,1,2,'bank','2023-10-14 02:32:50','2023-10-14 02:32:50'),(391,'2023-01-07','Pengeluaran',37178,'Mollitia.',4,1,1,'bank','2023-10-14 02:32:50','2023-10-14 02:32:50'),(392,'2023-01-07','Pengeluaran',35988,'Ab et et.',5,1,2,'cash','2023-10-14 02:32:50','2023-10-14 02:32:50'),(393,'2023-01-07','Pengeluaran',21021,'At culpa.',5,1,1,'bank','2023-10-14 02:32:50','2023-10-14 02:32:50'),(394,'2023-01-07','Pengeluaran',28842,'Velit id.',2,1,2,'bank','2023-10-14 02:32:50','2023-10-14 02:32:50'),(395,'2023-01-07','Pengeluaran',12766,'Numquam.',3,1,2,'bank','2023-10-14 02:32:50','2023-10-14 02:32:50'),(396,'2023-01-07','Pengeluaran',20278,'Autem.',3,1,1,'bank','2023-10-14 02:32:50','2023-10-14 02:32:50'),(397,'2023-02-07','Pengeluaran',37203,'Facilis.',5,1,2,'cash','2023-10-14 02:32:50','2023-10-14 02:32:50'),(398,'2023-02-07','Pengeluaran',30571,'Optio et.',5,1,1,'cash','2023-10-14 02:32:50','2023-10-14 02:32:50'),(399,'2023-02-07','Pengeluaran',27580,'Rerum.',1,1,2,'cash','2023-10-14 02:32:50','2023-10-14 02:32:50'),(400,'2023-02-07','Pengeluaran',20589,'Ut.',1,1,2,'bank','2023-10-14 02:32:50','2023-10-14 02:32:50'),(401,'2023-02-07','Pengeluaran',12488,'Ullam.',1,1,1,'cash','2023-10-14 02:32:50','2023-10-14 02:32:50'),(402,'2023-02-07','Pengeluaran',20182,'Eligendi.',4,1,2,'bank','2023-10-14 02:32:50','2023-10-14 02:32:50'),(403,'2023-02-07','Pengeluaran',30859,'Et.',3,1,1,'cash','2023-10-14 02:32:50','2023-10-14 02:32:50'),(404,'2023-02-07','Pengeluaran',17578,'Libero.',2,1,2,'cash','2023-10-14 02:32:50','2023-10-14 02:32:50'),(405,'2023-02-07','Pengeluaran',27695,'Inventore.',3,1,2,'cash','2023-10-14 02:32:50','2023-10-14 02:32:50'),(406,'2023-02-07','Pengeluaran',12619,'Quo quod.',2,1,2,'cash','2023-10-14 02:32:50','2023-10-14 02:32:50'),(407,'2023-02-07','Pengeluaran',10991,'Qui totam.',4,1,2,'cash','2023-10-14 02:32:50','2023-10-14 02:32:50'),(408,'2023-02-07','Pengeluaran',37273,'Qui.',5,1,2,'bank','2023-10-14 02:32:50','2023-10-14 02:32:50'),(409,'2023-03-07','Pengeluaran',18489,'Beatae.',2,1,2,'bank','2023-10-14 02:32:50','2023-10-14 02:32:50'),(410,'2023-03-07','Pengeluaran',15753,'Ducimus.',2,1,2,'bank','2023-10-14 02:32:50','2023-10-14 02:32:50'),(411,'2023-03-07','Pengeluaran',38780,'Quas.',4,1,2,'cash','2023-10-14 02:32:50','2023-10-14 02:32:50'),(412,'2023-03-07','Pengeluaran',36808,'Quia.',4,1,1,'cash','2023-10-14 02:32:50','2023-10-14 02:32:50'),(413,'2023-03-07','Pengeluaran',16586,'Maiores.',3,1,1,'cash','2023-10-14 02:32:50','2023-10-14 02:32:50'),(414,'2023-03-07','Pengeluaran',16874,'Accusamus.',1,1,1,'bank','2023-10-14 02:32:50','2023-10-14 02:32:50'),(415,'2023-03-07','Pengeluaran',39218,'Et sunt.',2,1,2,'cash','2023-10-14 02:32:50','2023-10-14 02:32:50'),(416,'2023-03-07','Pengeluaran',21971,'Aut.',5,1,1,'cash','2023-10-14 02:32:50','2023-10-14 02:32:50'),(417,'2023-04-07','Pengeluaran',19285,'Suscipit.',3,1,2,'cash','2023-10-14 02:32:50','2023-10-14 02:32:50'),(418,'2023-04-07','Pengeluaran',14351,'Itaque.',1,1,2,'bank','2023-10-14 02:32:50','2023-10-14 02:32:50'),(419,'2023-04-07','Pengeluaran',34782,'Iste eius.',4,1,2,'cash','2023-10-14 02:32:50','2023-10-14 02:32:50'),(420,'2023-04-07','Pengeluaran',18135,'Fuga.',1,1,2,'bank','2023-10-14 02:32:50','2023-10-14 02:32:50'),(421,'2023-04-07','Pengeluaran',37674,'Et iusto.',2,1,2,'cash','2023-10-14 02:32:50','2023-10-14 02:32:50'),(422,'2023-04-07','Pengeluaran',12694,'Sed.',3,1,2,'bank','2023-10-14 02:32:50','2023-10-14 02:32:50'),(423,'2023-04-07','Pengeluaran',33242,'Corporis.',2,1,1,'cash','2023-10-14 02:32:50','2023-10-14 02:32:50'),(424,'2023-04-07','Pengeluaran',26529,'Labore.',5,1,1,'cash','2023-10-14 02:32:50','2023-10-14 02:32:50'),(425,'2023-04-07','Pengeluaran',21375,'Nobis.',2,1,2,'cash','2023-10-14 02:32:50','2023-10-14 02:32:50'),(426,'2023-04-07','Pengeluaran',25804,'Libero.',4,1,1,'bank','2023-10-14 02:32:50','2023-10-14 02:32:50'),(427,'2023-04-07','Pengeluaran',38185,'Aperiam.',5,1,2,'cash','2023-10-14 02:32:50','2023-10-14 02:32:50'),(428,'2023-04-07','Pengeluaran',17616,'Libero.',1,1,2,'cash','2023-10-14 02:32:50','2023-10-14 02:32:50'),(429,'2023-04-07','Pengeluaran',22004,'Nemo et.',5,1,1,'bank','2023-10-14 02:32:50','2023-10-14 02:32:50'),(430,'2023-04-07','Pengeluaran',21142,'Et rem.',1,1,2,'bank','2023-10-14 02:32:50','2023-10-14 02:32:50'),(431,'2023-05-07','Pengeluaran',26814,'Et.',5,1,2,'bank','2023-10-14 02:32:50','2023-10-14 02:32:50'),(432,'2023-05-07','Pengeluaran',22220,'Est.',3,1,2,'cash','2023-10-14 02:32:50','2023-10-14 02:32:50'),(433,'2023-05-07','Pengeluaran',15484,'Sed.',2,1,2,'cash','2023-10-14 02:32:50','2023-10-14 02:32:50'),(434,'2023-05-07','Pengeluaran',13518,'Qui ea et.',4,1,1,'cash','2023-10-14 02:32:50','2023-10-14 02:32:50'),(435,'2023-05-07','Pengeluaran',39390,'Delectus.',3,1,1,'bank','2023-10-14 02:32:50','2023-10-14 02:32:50'),(436,'2023-05-07','Pengeluaran',39388,'Impedit.',3,1,2,'cash','2023-10-14 02:32:50','2023-10-14 02:32:50'),(437,'2023-05-07','Pengeluaran',26854,'Dicta et.',3,1,1,'bank','2023-10-14 02:32:50','2023-10-14 02:32:50'),(438,'2023-06-07','Pengeluaran',38083,'Et.',2,1,1,'cash','2023-10-14 02:32:50','2023-10-14 02:32:50'),(439,'2023-06-07','Pengeluaran',34961,'Aliquam.',3,1,1,'bank','2023-10-14 02:32:50','2023-10-14 02:32:50'),(440,'2023-06-07','Pengeluaran',30873,'Odit.',1,1,2,'cash','2023-10-14 02:32:50','2023-10-14 02:32:50'),(441,'2023-06-07','Pengeluaran',29320,'Possimus.',4,1,1,'cash','2023-10-14 02:32:50','2023-10-14 02:32:50'),(442,'2023-06-07','Pengeluaran',29667,'Rerum.',2,1,1,'bank','2023-10-14 02:32:50','2023-10-14 02:32:50'),(443,'2023-06-07','Pengeluaran',37864,'Esse est.',1,1,2,'cash','2023-10-14 02:32:50','2023-10-14 02:32:50'),(444,'2023-06-07','Pengeluaran',25730,'Fugiat.',1,1,2,'bank','2023-10-14 02:32:50','2023-10-14 02:32:50'),(445,'2023-06-07','Pengeluaran',30204,'Dolore.',4,1,2,'cash','2023-10-14 02:32:50','2023-10-14 02:32:50'),(446,'2023-06-07','Pengeluaran',16231,'Explicabo.',2,1,2,'cash','2023-10-14 02:32:50','2023-10-14 02:32:50'),(447,'2023-06-07','Pengeluaran',23789,'Officia.',2,1,1,'cash','2023-10-14 02:32:50','2023-10-14 02:32:50'),(448,'2023-06-07','Pengeluaran',35926,'Quis quo.',2,1,1,'cash','2023-10-14 02:32:50','2023-10-14 02:32:50'),(449,'2023-06-07','Pengeluaran',19238,'Enim at.',4,1,2,'cash','2023-10-14 02:32:50','2023-10-14 02:32:50'),(450,'2023-06-07','Pengeluaran',10059,'Enim.',3,1,1,'bank','2023-10-14 02:32:50','2023-10-14 02:32:50'),(451,'2023-06-07','Pengeluaran',28222,'Vitae.',3,1,1,'cash','2023-10-14 02:32:50','2023-10-14 02:32:50'),(452,'2023-07-07','Pengeluaran',29611,'Enim.',5,1,1,'bank','2023-10-14 02:32:50','2023-10-14 02:32:50'),(453,'2023-07-07','Pengeluaran',20262,'Eos a.',5,1,2,'cash','2023-10-14 02:32:50','2023-10-14 02:32:50'),(454,'2023-07-07','Pengeluaran',30534,'Natus.',5,1,2,'cash','2023-10-14 02:32:50','2023-10-14 02:32:50'),(455,'2023-07-07','Pengeluaran',12559,'Sunt illo.',5,1,2,'bank','2023-10-14 02:32:50','2023-10-14 02:32:50'),(456,'2023-07-07','Pengeluaran',16441,'Repellat.',4,1,1,'bank','2023-10-14 02:32:50','2023-10-14 02:32:50'),(457,'2023-07-07','Pengeluaran',26776,'Aperiam.',1,1,2,'cash','2023-10-14 02:32:50','2023-10-14 02:32:50'),(458,'2023-07-07','Pengeluaran',27617,'In rem.',5,1,1,'bank','2023-10-14 02:32:50','2023-10-14 02:32:50'),(459,'2023-07-07','Pengeluaran',23741,'Pariatur.',2,1,1,'cash','2023-10-14 02:32:50','2023-10-14 02:32:50'),(460,'2023-07-07','Pengeluaran',16090,'Beatae.',2,1,1,'cash','2023-10-14 02:32:50','2023-10-14 02:32:50'),(461,'2023-07-07','Pengeluaran',22292,'Sed vel.',5,1,2,'bank','2023-10-14 02:32:50','2023-10-14 02:32:50'),(462,'2023-07-07','Pengeluaran',34088,'Autem.',3,1,2,'cash','2023-10-14 02:32:50','2023-10-14 02:32:50'),(463,'2023-07-07','Pengeluaran',19150,'Nemo.',1,1,2,'cash','2023-10-14 02:32:50','2023-10-14 02:32:50'),(464,'2023-07-07','Pengeluaran',22806,'Quasi est.',1,1,2,'cash','2023-10-14 02:32:50','2023-10-14 02:32:50'),(465,'2023-07-07','Pengeluaran',32432,'Assumenda.',4,1,1,'bank','2023-10-14 02:32:50','2023-10-14 02:32:50'),(466,'2023-08-07','Pengeluaran',13512,'Itaque.',5,1,2,'cash','2023-10-14 02:32:50','2023-10-14 02:32:50'),(467,'2023-08-07','Pengeluaran',36156,'Ea.',2,1,2,'cash','2023-10-14 02:32:50','2023-10-14 02:32:50'),(468,'2023-08-07','Pengeluaran',21668,'Quasi.',3,1,1,'cash','2023-10-14 02:32:50','2023-10-14 02:32:50'),(469,'2023-08-07','Pengeluaran',21189,'Quo est.',3,1,2,'cash','2023-10-14 02:32:50','2023-10-14 02:32:50'),(470,'2023-08-07','Pengeluaran',30123,'Molestias.',2,1,2,'cash','2023-10-14 02:32:50','2023-10-14 02:32:50'),(471,'2023-08-07','Pengeluaran',32139,'Iste qui.',3,1,2,'cash','2023-10-14 02:32:50','2023-10-14 02:32:50'),(472,'2023-08-07','Pengeluaran',20686,'Molestiae.',3,1,2,'bank','2023-10-14 02:32:50','2023-10-14 02:32:50'),(473,'2023-08-07','Pengeluaran',19450,'Odit.',2,1,1,'bank','2023-10-14 02:32:50','2023-10-14 02:32:50'),(474,'2023-08-07','Pengeluaran',19342,'Natus.',2,1,2,'cash','2023-10-14 02:32:50','2023-10-14 02:32:50'),(475,'2023-08-07','Pengeluaran',36960,'Animi.',5,1,2,'bank','2023-10-14 02:32:50','2023-10-14 02:32:50'),(476,'2023-08-07','Pengeluaran',38543,'Sit est.',2,1,2,'cash','2023-10-14 02:32:50','2023-10-14 02:32:50'),(477,'2023-08-07','Pengeluaran',26864,'Similique.',5,1,1,'bank','2023-10-14 02:32:50','2023-10-14 02:32:50'),(478,'2023-09-07','Pengeluaran',21774,'Ut.',2,1,2,'cash','2023-10-14 02:32:50','2023-10-14 02:32:50'),(479,'2023-09-07','Pengeluaran',30064,'Voluptas.',3,1,2,'cash','2023-10-14 02:32:50','2023-10-14 02:32:50'),(480,'2023-09-07','Pengeluaran',11876,'Accusamus.',5,1,1,'cash','2023-10-14 02:32:50','2023-10-14 02:32:50'),(481,'2023-09-07','Pengeluaran',28390,'Magni.',3,1,2,'cash','2023-10-14 02:32:50','2023-10-14 02:32:50'),(482,'2023-09-07','Pengeluaran',33262,'Sed.',4,1,1,'bank','2023-10-14 02:32:50','2023-10-14 02:32:50'),(483,'2023-09-07','Pengeluaran',20430,'Et enim.',1,1,1,'bank','2023-10-14 02:32:50','2023-10-14 02:32:50'),(484,'2023-09-07','Pengeluaran',18995,'Vero.',3,1,1,'cash','2023-10-14 02:32:50','2023-10-14 02:32:50'),(485,'2023-09-07','Pengeluaran',28353,'Itaque.',1,1,1,'cash','2023-10-14 02:32:50','2023-10-14 02:32:50'),(486,'2023-09-07','Pengeluaran',31651,'Neque.',4,1,2,'cash','2023-10-14 02:32:50','2023-10-14 02:32:50'),(487,'2023-09-07','Pengeluaran',19113,'Rem.',5,1,2,'bank','2023-10-14 02:32:50','2023-10-14 02:32:50'),(488,'2023-09-07','Pengeluaran',19080,'Ut.',4,1,1,'cash','2023-10-14 02:32:50','2023-10-14 02:32:50'),(489,'2023-09-07','Pengeluaran',20876,'At.',3,1,2,'cash','2023-10-14 02:32:50','2023-10-14 02:32:50'),(490,'2023-09-07','Pengeluaran',22142,'Cumque.',3,1,2,'cash','2023-10-14 02:32:50','2023-10-14 02:32:50'),(491,'2023-09-07','Pengeluaran',13669,'Qui.',3,1,1,'bank','2023-10-14 02:32:50','2023-10-14 02:32:50'),(492,'2023-09-07','Pengeluaran',32053,'Sed quia.',3,1,1,'cash','2023-10-14 02:32:50','2023-10-14 02:32:50'),(493,'2023-10-07','Pengeluaran',29220,'Est et.',3,1,1,'cash','2023-10-14 02:32:50','2023-10-14 02:32:50'),(494,'2023-10-07','Pengeluaran',16886,'Repellat.',1,1,2,'cash','2023-10-14 02:32:50','2023-10-14 02:32:50'),(495,'2023-10-07','Pengeluaran',36803,'Dolores.',2,1,2,'cash','2023-10-14 02:32:50','2023-10-14 02:32:50'),(496,'2023-10-07','Pengeluaran',23679,'Amet.',3,1,1,'bank','2023-10-14 02:32:50','2023-10-14 02:32:50'),(497,'2023-10-07','Pengeluaran',31443,'Harum.',4,1,2,'cash','2023-10-14 02:32:50','2023-10-14 02:32:50'),(498,'2023-10-07','Pengeluaran',32372,'Nulla.',5,1,1,'cash','2023-10-14 02:32:50','2023-10-14 02:32:50'),(499,'2023-10-07','Pengeluaran',16703,'Quis ut.',3,1,2,'cash','2023-10-14 02:32:50','2023-10-14 02:32:50'),(500,'2023-10-07','Pengeluaran',12779,'Quae non.',3,1,2,'cash','2023-10-14 02:32:50','2023-10-14 02:32:50'),(501,'2023-10-07','Pengeluaran',16704,'Eveniet.',4,1,2,'bank','2023-10-14 02:32:50','2023-10-14 02:32:50'),(502,'2023-10-07','Pengeluaran',15155,'Fugit.',1,1,2,'cash','2023-10-14 02:32:50','2023-10-14 02:32:50'),(503,'2023-10-07','Pengeluaran',22881,'Aut.',4,1,1,'cash','2023-10-14 02:32:50','2023-10-14 02:32:50'),(504,'2023-10-07','Pengeluaran',11685,'Nisi.',4,1,2,'bank','2023-10-14 02:32:50','2023-10-14 02:32:50'),(505,'2023-11-07','Pengeluaran',17633,'Aut eum.',2,1,1,'cash','2023-10-14 02:32:50','2023-10-14 02:32:50'),(506,'2023-11-07','Pengeluaran',38208,'Et alias.',3,1,2,'cash','2023-10-14 02:32:50','2023-10-14 02:32:50'),(507,'2023-11-07','Pengeluaran',26721,'Placeat.',4,1,2,'cash','2023-10-14 02:32:50','2023-10-14 02:32:50'),(508,'2023-11-07','Pengeluaran',38245,'Nihil.',3,1,2,'cash','2023-10-14 02:32:50','2023-10-14 02:32:50'),(509,'2023-11-07','Pengeluaran',32456,'Officiis.',3,1,1,'cash','2023-10-14 02:32:50','2023-10-14 02:32:50'),(510,'2023-11-07','Pengeluaran',19579,'Voluptas.',2,1,1,'bank','2023-10-14 02:32:50','2023-10-14 02:32:50'),(511,'2023-11-07','Pengeluaran',26561,'Rem.',3,1,1,'bank','2023-10-14 02:32:50','2023-10-14 02:32:50'),(512,'2023-11-07','Pengeluaran',11382,'Vitae.',1,1,1,'bank','2023-10-14 02:32:50','2023-10-14 02:32:50'),(513,'2023-11-07','Pengeluaran',24349,'Minima id.',5,1,2,'bank','2023-10-14 02:32:50','2023-10-14 02:32:50'),(514,'2023-11-07','Pengeluaran',25562,'Quaerat.',5,1,1,'bank','2023-10-14 02:32:50','2023-10-14 02:32:50'),(515,'2023-11-07','Pengeluaran',33706,'Fugit.',4,1,1,'bank','2023-10-14 02:32:50','2023-10-14 02:32:50'),(516,'2023-11-07','Pengeluaran',19402,'Id odit.',5,1,1,'cash','2023-10-14 02:32:50','2023-10-14 02:32:50'),(517,'2023-11-07','Pengeluaran',16299,'Est.',3,1,2,'bank','2023-10-14 02:32:50','2023-10-14 02:32:50'),(518,'2023-12-07','Pengeluaran',32142,'Numquam.',3,1,2,'cash','2023-10-14 02:32:50','2023-10-14 02:32:50'),(519,'2023-12-07','Pengeluaran',17438,'Ab.',3,1,2,'cash','2023-10-14 02:32:50','2023-10-14 02:32:50'),(520,'2023-12-07','Pengeluaran',16655,'Porro.',1,1,2,'cash','2023-10-14 02:32:50','2023-10-14 02:32:50'),(521,'2023-12-07','Pengeluaran',16716,'Odio.',3,1,2,'cash','2023-10-14 02:32:50','2023-10-14 02:32:50'),(522,'2023-12-07','Pengeluaran',23940,'Hic.',1,1,2,'bank','2023-10-14 02:32:50','2023-10-14 02:32:50'),(523,'2023-12-07','Pengeluaran',25900,'Et sed et.',4,1,2,'cash','2023-10-14 02:32:50','2023-10-14 02:32:50'),(524,'2023-12-07','Pengeluaran',17923,'Et vero.',5,1,1,'cash','2023-10-14 02:32:50','2023-10-14 02:32:50'),(525,'2023-12-07','Pengeluaran',18991,'Quis.',3,1,2,'bank','2023-10-14 02:32:50','2023-10-14 02:32:50'),(526,'2023-12-07','Pengeluaran',34174,'Qui ex.',1,1,1,'cash','2023-10-14 02:32:50','2023-10-14 02:32:50'),(527,'2023-12-07','Pengeluaran',22319,'Fugiat.',4,1,2,'cash','2023-10-14 02:32:50','2023-10-14 02:32:50'),(528,'2023-12-07','Pengeluaran',10092,'Quia eos.',5,1,2,'cash','2023-10-14 02:32:50','2023-10-14 02:32:50'),(529,'2023-12-07','Pengeluaran',25611,'Sit nobis.',4,1,2,'cash','2023-10-14 02:32:50','2023-10-14 02:32:50'),(530,'2023-12-07','Pengeluaran',11401,'Eum eius.',2,1,1,'bank','2023-10-14 02:32:50','2023-10-14 02:32:50'),(531,'2023-10-11','Pengeluaran',20000,'dagdag',1,1,1,'bank','2023-10-14 02:32:50','2023-10-14 02:32:50'),(532,'2023-01-07','Pengeluaran',39184,'Officia.',3,1,2,'cash','2023-10-14 02:33:12','2023-10-14 02:33:12'),(533,'2023-01-07','Pengeluaran',13736,'Corrupti.',2,1,2,'cash','2023-10-14 02:33:12','2023-10-14 02:33:12'),(534,'2023-01-07','Pengeluaran',12872,'Autem.',3,1,2,'cash','2023-10-14 02:33:12','2023-10-14 02:33:12'),(535,'2023-01-07','Pengeluaran',14070,'Corrupti.',5,1,2,'bank','2023-10-14 02:33:12','2023-10-14 02:33:12'),(536,'2023-01-07','Pengeluaran',37178,'Mollitia.',4,1,1,'bank','2023-10-14 02:33:12','2023-10-14 02:33:12'),(537,'2023-01-07','Pengeluaran',35988,'Ab et et.',5,1,2,'cash','2023-10-14 02:33:12','2023-10-14 02:33:12'),(538,'2023-01-07','Pengeluaran',21021,'At culpa.',5,1,1,'bank','2023-10-14 02:33:12','2023-10-14 02:33:12'),(539,'2023-01-07','Pengeluaran',28842,'Velit id.',2,1,2,'bank','2023-10-14 02:33:12','2023-10-14 02:33:12'),(540,'2023-01-07','Pengeluaran',12766,'Numquam.',3,1,2,'bank','2023-10-14 02:33:12','2023-10-14 02:33:12'),(541,'2023-01-07','Pengeluaran',20278,'Autem.',3,1,1,'bank','2023-10-14 02:33:12','2023-10-14 02:33:12'),(542,'2023-02-07','Pengeluaran',37203,'Facilis.',5,1,2,'cash','2023-10-14 02:33:12','2023-10-14 02:33:12'),(543,'2023-02-07','Pengeluaran',30571,'Optio et.',5,1,1,'cash','2023-10-14 02:33:12','2023-10-14 02:33:12'),(544,'2023-02-07','Pengeluaran',27580,'Rerum.',1,1,2,'cash','2023-10-14 02:33:12','2023-10-14 02:33:12'),(545,'2023-02-07','Pengeluaran',20589,'Ut.',1,1,2,'bank','2023-10-14 02:33:12','2023-10-14 02:33:12'),(546,'2023-02-07','Pengeluaran',12488,'Ullam.',1,1,1,'cash','2023-10-14 02:33:12','2023-10-14 02:33:12'),(547,'2023-02-07','Pengeluaran',20182,'Eligendi.',4,1,2,'bank','2023-10-14 02:33:12','2023-10-14 02:33:12'),(548,'2023-02-07','Pengeluaran',30859,'Et.',3,1,1,'cash','2023-10-14 02:33:12','2023-10-14 02:33:12'),(549,'2023-02-07','Pengeluaran',17578,'Libero.',2,1,2,'cash','2023-10-14 02:33:12','2023-10-14 02:33:12'),(550,'2023-02-07','Pengeluaran',27695,'Inventore.',3,1,2,'cash','2023-10-14 02:33:12','2023-10-14 02:33:12'),(551,'2023-02-07','Pengeluaran',12619,'Quo quod.',2,1,2,'cash','2023-10-14 02:33:12','2023-10-14 02:33:12'),(552,'2023-02-07','Pengeluaran',10991,'Qui totam.',4,1,2,'cash','2023-10-14 02:33:12','2023-10-14 02:33:12'),(553,'2023-02-07','Pengeluaran',37273,'Qui.',5,1,2,'bank','2023-10-14 02:33:12','2023-10-14 02:33:12'),(554,'2023-03-07','Pengeluaran',18489,'Beatae.',2,1,2,'bank','2023-10-14 02:33:12','2023-10-14 02:33:12'),(555,'2023-03-07','Pengeluaran',15753,'Ducimus.',2,1,2,'bank','2023-10-14 02:33:12','2023-10-14 02:33:12'),(556,'2023-03-07','Pengeluaran',38780,'Quas.',4,1,2,'cash','2023-10-14 02:33:12','2023-10-14 02:33:12'),(557,'2023-03-07','Pengeluaran',36808,'Quia.',4,1,1,'cash','2023-10-14 02:33:12','2023-10-14 02:33:12'),(558,'2023-03-07','Pengeluaran',16586,'Maiores.',3,1,1,'cash','2023-10-14 02:33:12','2023-10-14 02:33:12'),(559,'2023-03-07','Pengeluaran',16874,'Accusamus.',1,1,1,'bank','2023-10-14 02:33:12','2023-10-14 02:33:12'),(560,'2023-03-07','Pengeluaran',39218,'Et sunt.',2,1,2,'cash','2023-10-14 02:33:12','2023-10-14 02:33:12'),(561,'2023-03-07','Pengeluaran',21971,'Aut.',5,1,1,'cash','2023-10-14 02:33:12','2023-10-14 02:33:12'),(562,'2023-04-07','Pengeluaran',19285,'Suscipit.',3,1,2,'cash','2023-10-14 02:33:12','2023-10-14 02:33:12'),(563,'2023-04-07','Pengeluaran',14351,'Itaque.',1,1,2,'bank','2023-10-14 02:33:12','2023-10-14 02:33:12'),(564,'2023-04-07','Pengeluaran',34782,'Iste eius.',4,1,2,'cash','2023-10-14 02:33:12','2023-10-14 02:33:12'),(565,'2023-04-07','Pengeluaran',18135,'Fuga.',1,1,2,'bank','2023-10-14 02:33:12','2023-10-14 02:33:12'),(566,'2023-04-07','Pengeluaran',37674,'Et iusto.',2,1,2,'cash','2023-10-14 02:33:12','2023-10-14 02:33:12'),(567,'2023-04-07','Pengeluaran',12694,'Sed.',3,1,2,'bank','2023-10-14 02:33:12','2023-10-14 02:33:12'),(568,'2023-04-07','Pengeluaran',33242,'Corporis.',2,1,1,'cash','2023-10-14 02:33:12','2023-10-14 02:33:12'),(569,'2023-04-07','Pengeluaran',26529,'Labore.',5,1,1,'cash','2023-10-14 02:33:12','2023-10-14 02:33:12'),(570,'2023-04-07','Pengeluaran',21375,'Nobis.',2,1,2,'cash','2023-10-14 02:33:12','2023-10-14 02:33:12'),(571,'2023-04-07','Pengeluaran',25804,'Libero.',4,1,1,'bank','2023-10-14 02:33:12','2023-10-14 02:33:12'),(572,'2023-04-07','Pengeluaran',38185,'Aperiam.',5,1,2,'cash','2023-10-14 02:33:12','2023-10-14 02:33:12'),(573,'2023-04-07','Pengeluaran',17616,'Libero.',1,1,2,'cash','2023-10-14 02:33:12','2023-10-14 02:33:12'),(574,'2023-04-07','Pengeluaran',22004,'Nemo et.',5,1,1,'bank','2023-10-14 02:33:12','2023-10-14 02:33:12'),(575,'2023-04-07','Pengeluaran',21142,'Et rem.',1,1,2,'bank','2023-10-14 02:33:12','2023-10-14 02:33:12'),(576,'2023-05-07','Pengeluaran',26814,'Et.',5,1,2,'bank','2023-10-14 02:33:12','2023-10-14 02:33:12'),(577,'2023-05-07','Pengeluaran',22220,'Est.',3,1,2,'cash','2023-10-14 02:33:12','2023-10-14 02:33:12'),(578,'2023-05-07','Pengeluaran',15484,'Sed.',2,1,2,'cash','2023-10-14 02:33:12','2023-10-14 02:33:12'),(579,'2023-05-07','Pengeluaran',13518,'Qui ea et.',4,1,1,'cash','2023-10-14 02:33:12','2023-10-14 02:33:12'),(580,'2023-05-07','Pengeluaran',39390,'Delectus.',3,1,1,'bank','2023-10-14 02:33:12','2023-10-14 02:33:12'),(581,'2023-05-07','Pengeluaran',39388,'Impedit.',3,1,2,'cash','2023-10-14 02:33:12','2023-10-14 02:33:12'),(582,'2023-05-07','Pengeluaran',26854,'Dicta et.',3,1,1,'bank','2023-10-14 02:33:12','2023-10-14 02:33:12'),(583,'2023-06-07','Pengeluaran',38083,'Et.',2,1,1,'cash','2023-10-14 02:33:12','2023-10-14 02:33:12'),(584,'2023-06-07','Pengeluaran',34961,'Aliquam.',3,1,1,'bank','2023-10-14 02:33:12','2023-10-14 02:33:12'),(585,'2023-06-07','Pengeluaran',30873,'Odit.',1,1,2,'cash','2023-10-14 02:33:12','2023-10-14 02:33:12'),(586,'2023-06-07','Pengeluaran',29320,'Possimus.',4,1,1,'cash','2023-10-14 02:33:12','2023-10-14 02:33:12'),(587,'2023-06-07','Pengeluaran',29667,'Rerum.',2,1,1,'bank','2023-10-14 02:33:12','2023-10-14 02:33:12'),(588,'2023-06-07','Pengeluaran',37864,'Esse est.',1,1,2,'cash','2023-10-14 02:33:12','2023-10-14 02:33:12'),(589,'2023-06-07','Pengeluaran',25730,'Fugiat.',1,1,2,'bank','2023-10-14 02:33:12','2023-10-14 02:33:12'),(590,'2023-06-07','Pengeluaran',30204,'Dolore.',4,1,2,'cash','2023-10-14 02:33:12','2023-10-14 02:33:12'),(591,'2023-06-07','Pengeluaran',16231,'Explicabo.',2,1,2,'cash','2023-10-14 02:33:12','2023-10-14 02:33:12'),(592,'2023-06-07','Pengeluaran',23789,'Officia.',2,1,1,'cash','2023-10-14 02:33:12','2023-10-14 02:33:12'),(593,'2023-06-07','Pengeluaran',35926,'Quis quo.',2,1,1,'cash','2023-10-14 02:33:12','2023-10-14 02:33:12'),(594,'2023-06-07','Pengeluaran',19238,'Enim at.',4,1,2,'cash','2023-10-14 02:33:12','2023-10-14 02:33:12'),(595,'2023-06-07','Pengeluaran',10059,'Enim.',3,1,1,'bank','2023-10-14 02:33:12','2023-10-14 02:33:12'),(596,'2023-06-07','Pengeluaran',28222,'Vitae.',3,1,1,'cash','2023-10-14 02:33:12','2023-10-14 02:33:12'),(597,'2023-07-07','Pengeluaran',29611,'Enim.',5,1,1,'bank','2023-10-14 02:33:12','2023-10-14 02:33:12'),(598,'2023-07-07','Pengeluaran',20262,'Eos a.',5,1,2,'cash','2023-10-14 02:33:12','2023-10-14 02:33:12'),(599,'2023-07-07','Pengeluaran',30534,'Natus.',5,1,2,'cash','2023-10-14 02:33:12','2023-10-14 02:33:12'),(600,'2023-07-07','Pengeluaran',12559,'Sunt illo.',5,1,2,'bank','2023-10-14 02:33:12','2023-10-14 02:33:12'),(601,'2023-07-07','Pengeluaran',16441,'Repellat.',4,1,1,'bank','2023-10-14 02:33:12','2023-10-14 02:33:12'),(602,'2023-07-07','Pengeluaran',26776,'Aperiam.',1,1,2,'cash','2023-10-14 02:33:12','2023-10-14 02:33:12'),(603,'2023-07-07','Pengeluaran',27617,'In rem.',5,1,1,'bank','2023-10-14 02:33:12','2023-10-14 02:33:12'),(604,'2023-07-07','Pengeluaran',23741,'Pariatur.',2,1,1,'cash','2023-10-14 02:33:12','2023-10-14 02:33:12'),(605,'2023-07-07','Pengeluaran',16090,'Beatae.',2,1,1,'cash','2023-10-14 02:33:12','2023-10-14 02:33:12'),(606,'2023-07-07','Pengeluaran',22292,'Sed vel.',5,1,2,'bank','2023-10-14 02:33:12','2023-10-14 02:33:12'),(607,'2023-07-07','Pengeluaran',34088,'Autem.',3,1,2,'cash','2023-10-14 02:33:12','2023-10-14 02:33:12'),(608,'2023-07-07','Pengeluaran',19150,'Nemo.',1,1,2,'cash','2023-10-14 02:33:12','2023-10-14 02:33:12'),(609,'2023-07-07','Pengeluaran',22806,'Quasi est.',1,1,2,'cash','2023-10-14 02:33:12','2023-10-14 02:33:12'),(610,'2023-07-07','Pengeluaran',32432,'Assumenda.',4,1,1,'bank','2023-10-14 02:33:12','2023-10-14 02:33:12'),(611,'2023-08-07','Pengeluaran',13512,'Itaque.',5,1,2,'cash','2023-10-14 02:33:12','2023-10-14 02:33:12'),(612,'2023-08-07','Pengeluaran',36156,'Ea.',2,1,2,'cash','2023-10-14 02:33:12','2023-10-14 02:33:12'),(613,'2023-08-07','Pengeluaran',21668,'Quasi.',3,1,1,'cash','2023-10-14 02:33:12','2023-10-14 02:33:12'),(614,'2023-08-07','Pengeluaran',21189,'Quo est.',3,1,2,'cash','2023-10-14 02:33:12','2023-10-14 02:33:12'),(615,'2023-08-07','Pengeluaran',30123,'Molestias.',2,1,2,'cash','2023-10-14 02:33:12','2023-10-14 02:33:12'),(616,'2023-08-07','Pengeluaran',32139,'Iste qui.',3,1,2,'cash','2023-10-14 02:33:12','2023-10-14 02:33:12'),(617,'2023-08-07','Pengeluaran',20686,'Molestiae.',3,1,2,'bank','2023-10-14 02:33:12','2023-10-14 02:33:12'),(618,'2023-08-07','Pengeluaran',19450,'Odit.',2,1,1,'bank','2023-10-14 02:33:12','2023-10-14 02:33:12'),(619,'2023-08-07','Pengeluaran',19342,'Natus.',2,1,2,'cash','2023-10-14 02:33:12','2023-10-14 02:33:12'),(620,'2023-08-07','Pengeluaran',36960,'Animi.',5,1,2,'bank','2023-10-14 02:33:12','2023-10-14 02:33:12'),(621,'2023-08-07','Pengeluaran',38543,'Sit est.',2,1,2,'cash','2023-10-14 02:33:12','2023-10-14 02:33:12'),(622,'2023-08-07','Pengeluaran',26864,'Similique.',5,1,1,'bank','2023-10-14 02:33:12','2023-10-14 02:33:12'),(623,'2023-09-07','Pengeluaran',21774,'Ut.',2,1,2,'cash','2023-10-14 02:33:12','2023-10-14 02:33:12'),(624,'2023-09-07','Pengeluaran',30064,'Voluptas.',3,1,2,'cash','2023-10-14 02:33:12','2023-10-14 02:33:12'),(625,'2023-09-07','Pengeluaran',11876,'Accusamus.',5,1,1,'cash','2023-10-14 02:33:12','2023-10-14 02:33:12'),(626,'2023-09-07','Pengeluaran',28390,'Magni.',3,1,2,'cash','2023-10-14 02:33:12','2023-10-14 02:33:12'),(627,'2023-09-07','Pengeluaran',33262,'Sed.',4,1,1,'bank','2023-10-14 02:33:12','2023-10-14 02:33:12'),(628,'2023-09-07','Pengeluaran',20430,'Et enim.',1,1,1,'bank','2023-10-14 02:33:12','2023-10-14 02:33:12'),(629,'2023-09-07','Pengeluaran',18995,'Vero.',3,1,1,'cash','2023-10-14 02:33:12','2023-10-14 02:33:12'),(630,'2023-09-07','Pengeluaran',28353,'Itaque.',1,1,1,'cash','2023-10-14 02:33:12','2023-10-14 02:33:12'),(631,'2023-09-07','Pengeluaran',31651,'Neque.',4,1,2,'cash','2023-10-14 02:33:12','2023-10-14 02:33:12'),(632,'2023-09-07','Pengeluaran',19113,'Rem.',5,1,2,'bank','2023-10-14 02:33:12','2023-10-14 02:33:12'),(633,'2023-09-07','Pengeluaran',19080,'Ut.',4,1,1,'cash','2023-10-14 02:33:12','2023-10-14 02:33:12'),(634,'2023-09-07','Pengeluaran',20876,'At.',3,1,2,'cash','2023-10-14 02:33:12','2023-10-14 02:33:12'),(635,'2023-09-07','Pengeluaran',22142,'Cumque.',3,1,2,'cash','2023-10-14 02:33:12','2023-10-14 02:33:12'),(636,'2023-09-07','Pengeluaran',13669,'Qui.',3,1,1,'bank','2023-10-14 02:33:12','2023-10-14 02:33:12'),(637,'2023-09-07','Pengeluaran',32053,'Sed quia.',3,1,1,'cash','2023-10-14 02:33:12','2023-10-14 02:33:12'),(638,'2023-10-07','Pengeluaran',29220,'Est et.',3,1,1,'cash','2023-10-14 02:33:12','2023-10-14 02:33:12'),(639,'2023-10-07','Pengeluaran',16886,'Repellat.',1,1,2,'cash','2023-10-14 02:33:12','2023-10-14 02:33:12'),(640,'2023-10-07','Pengeluaran',36803,'Dolores.',2,1,2,'cash','2023-10-14 02:33:12','2023-10-14 02:33:12'),(641,'2023-10-07','Pengeluaran',23679,'Amet.',3,1,1,'bank','2023-10-14 02:33:12','2023-10-14 02:33:12'),(642,'2023-10-07','Pengeluaran',31443,'Harum.',4,1,2,'cash','2023-10-14 02:33:12','2023-10-14 02:33:12'),(643,'2023-10-07','Pengeluaran',32372,'Nulla.',5,1,1,'cash','2023-10-14 02:33:12','2023-10-14 02:33:12'),(644,'2023-10-07','Pengeluaran',16703,'Quis ut.',3,1,2,'cash','2023-10-14 02:33:12','2023-10-14 02:33:12'),(645,'2023-10-07','Pengeluaran',12779,'Quae non.',3,1,2,'cash','2023-10-14 02:33:12','2023-10-14 02:33:12'),(646,'2023-10-07','Pengeluaran',16704,'Eveniet.',4,1,2,'bank','2023-10-14 02:33:12','2023-10-14 02:33:12'),(647,'2023-10-07','Pengeluaran',15155,'Fugit.',1,1,2,'cash','2023-10-14 02:33:12','2023-10-14 02:33:12'),(648,'2023-10-07','Pengeluaran',22881,'Aut.',4,1,1,'cash','2023-10-14 02:33:12','2023-10-14 02:33:12'),(649,'2023-10-07','Pengeluaran',11685,'Nisi.',4,1,2,'bank','2023-10-14 02:33:12','2023-10-14 02:33:12'),(650,'2023-11-07','Pengeluaran',17633,'Aut eum.',2,1,1,'cash','2023-10-14 02:33:12','2023-10-14 02:33:12'),(651,'2023-11-07','Pengeluaran',38208,'Et alias.',3,1,2,'cash','2023-10-14 02:33:12','2023-10-14 02:33:12'),(652,'2023-11-07','Pengeluaran',26721,'Placeat.',4,1,2,'cash','2023-10-14 02:33:12','2023-10-14 02:33:12'),(653,'2023-11-07','Pengeluaran',38245,'Nihil.',3,1,2,'cash','2023-10-14 02:33:12','2023-10-14 02:33:12'),(654,'2023-11-07','Pengeluaran',32456,'Officiis.',3,1,1,'cash','2023-10-14 02:33:12','2023-10-14 02:33:12'),(655,'2023-11-07','Pengeluaran',19579,'Voluptas.',2,1,1,'bank','2023-10-14 02:33:12','2023-10-14 02:33:12'),(656,'2023-11-07','Pengeluaran',26561,'Rem.',3,1,1,'bank','2023-10-14 02:33:12','2023-10-14 02:33:12'),(657,'2023-11-07','Pengeluaran',11382,'Vitae.',1,1,1,'bank','2023-10-14 02:33:12','2023-10-14 02:33:12'),(658,'2023-11-07','Pengeluaran',24349,'Minima id.',5,1,2,'bank','2023-10-14 02:33:12','2023-10-14 02:33:12'),(659,'2023-11-07','Pengeluaran',25562,'Quaerat.',5,1,1,'bank','2023-10-14 02:33:12','2023-10-14 02:33:12'),(660,'2023-11-07','Pengeluaran',33706,'Fugit.',4,1,1,'bank','2023-10-14 02:33:12','2023-10-14 02:33:12'),(661,'2023-11-07','Pengeluaran',19402,'Id odit.',5,1,1,'cash','2023-10-14 02:33:12','2023-10-14 02:33:12'),(662,'2023-11-07','Pengeluaran',16299,'Est.',3,1,2,'bank','2023-10-14 02:33:12','2023-10-14 02:33:12'),(663,'2023-12-07','Pengeluaran',32142,'Numquam.',3,1,2,'cash','2023-10-14 02:33:12','2023-10-14 02:33:12'),(664,'2023-12-07','Pengeluaran',17438,'Ab.',3,1,2,'cash','2023-10-14 02:33:12','2023-10-14 02:33:12'),(665,'2023-12-07','Pengeluaran',16655,'Porro.',1,1,2,'cash','2023-10-14 02:33:12','2023-10-14 02:33:12'),(666,'2023-12-07','Pengeluaran',16716,'Odio.',3,1,2,'cash','2023-10-14 02:33:12','2023-10-14 02:33:12'),(667,'2023-12-07','Pengeluaran',23940,'Hic.',1,1,2,'bank','2023-10-14 02:33:12','2023-10-14 02:33:12'),(668,'2023-12-07','Pengeluaran',25900,'Et sed et.',4,1,2,'cash','2023-10-14 02:33:12','2023-10-14 02:33:12'),(669,'2023-12-07','Pengeluaran',17923,'Et vero.',5,1,1,'cash','2023-10-14 02:33:12','2023-10-14 02:33:12'),(670,'2023-12-07','Pengeluaran',18991,'Quis.',3,1,2,'bank','2023-10-14 02:33:12','2023-10-14 02:33:12'),(671,'2023-12-07','Pengeluaran',34174,'Qui ex.',1,1,1,'cash','2023-10-14 02:33:12','2023-10-14 02:33:12'),(672,'2023-12-07','Pengeluaran',22319,'Fugiat.',4,1,2,'cash','2023-10-14 02:33:12','2023-10-14 02:33:12'),(673,'2023-12-07','Pengeluaran',10092,'Quia eos.',5,1,2,'cash','2023-10-14 02:33:12','2023-10-14 02:33:12'),(674,'2023-12-07','Pengeluaran',25611,'Sit nobis.',4,1,2,'cash','2023-10-14 02:33:12','2023-10-14 02:33:12'),(675,'2023-12-07','Pengeluaran',11401,'Eum eius.',2,1,1,'bank','2023-10-14 02:33:12','2023-10-14 02:33:12'),(676,'2023-10-11','Pengeluaran',20000,'dagdag',1,1,1,'bank','2023-10-14 02:33:12','2023-10-14 02:33:12'),(677,'2023-01-07','Pengeluaran',39184,'Officia.',3,1,2,'cash','2023-10-14 02:40:30','2023-10-14 02:40:30'),(678,'2023-01-07','Pengeluaran',13736,'Corrupti.',2,1,2,'cash','2023-10-14 02:40:30','2023-10-14 02:40:30'),(679,'2023-01-07','Pengeluaran',12872,'Autem.',3,1,2,'cash','2023-10-14 02:40:30','2023-10-14 02:40:30'),(680,'2023-01-07','Pengeluaran',14070,'Corrupti.',5,1,2,'bank','2023-10-14 02:40:30','2023-10-14 02:40:30'),(681,'2023-01-07','Pengeluaran',37178,'Mollitia.',4,1,1,'bank','2023-10-14 02:40:30','2023-10-14 02:40:30'),(682,'2023-01-07','Pengeluaran',35988,'Ab et et.',5,1,2,'cash','2023-10-14 02:40:30','2023-10-14 02:40:30'),(683,'2023-01-07','Pengeluaran',21021,'At culpa.',5,1,1,'bank','2023-10-14 02:40:30','2023-10-14 02:40:30'),(684,'2023-01-07','Pengeluaran',28842,'Velit id.',2,1,2,'bank','2023-10-14 02:40:30','2023-10-14 02:40:30'),(685,'2023-01-07','Pengeluaran',12766,'Numquam.',3,1,2,'bank','2023-10-14 02:40:30','2023-10-14 02:40:30'),(686,'2023-01-07','Pengeluaran',20278,'Autem.',3,1,1,'bank','2023-10-14 02:40:30','2023-10-14 02:40:30'),(687,'2023-02-07','Pengeluaran',37203,'Facilis.',5,1,2,'cash','2023-10-14 02:40:30','2023-10-14 02:40:30'),(688,'2023-02-07','Pengeluaran',30571,'Optio et.',5,1,1,'cash','2023-10-14 02:40:30','2023-10-14 02:40:30'),(689,'2023-02-07','Pengeluaran',27580,'Rerum.',1,1,2,'cash','2023-10-14 02:40:30','2023-10-14 02:40:30'),(690,'2023-02-07','Pengeluaran',20589,'Ut.',1,1,2,'bank','2023-10-14 02:40:30','2023-10-14 02:40:30'),(691,'2023-02-07','Pengeluaran',12488,'Ullam.',1,1,1,'cash','2023-10-14 02:40:30','2023-10-14 02:40:30'),(692,'2023-02-07','Pengeluaran',20182,'Eligendi.',4,1,2,'bank','2023-10-14 02:40:30','2023-10-14 02:40:30'),(693,'2023-02-07','Pengeluaran',30859,'Et.',3,1,1,'cash','2023-10-14 02:40:30','2023-10-14 02:40:30'),(694,'2023-02-07','Pengeluaran',17578,'Libero.',2,1,2,'cash','2023-10-14 02:40:30','2023-10-14 02:40:30'),(695,'2023-02-07','Pengeluaran',27695,'Inventore.',3,1,2,'cash','2023-10-14 02:40:30','2023-10-14 02:40:30'),(696,'2023-02-07','Pengeluaran',12619,'Quo quod.',2,1,2,'cash','2023-10-14 02:40:30','2023-10-14 02:40:30'),(697,'2023-02-07','Pengeluaran',10991,'Qui totam.',4,1,2,'cash','2023-10-14 02:40:30','2023-10-14 02:40:30'),(698,'2023-02-07','Pengeluaran',37273,'Qui.',5,1,2,'bank','2023-10-14 02:40:30','2023-10-14 02:40:30'),(699,'2023-03-07','Pengeluaran',18489,'Beatae.',2,1,2,'bank','2023-10-14 02:40:30','2023-10-14 02:40:30'),(700,'2023-03-07','Pengeluaran',15753,'Ducimus.',2,1,2,'bank','2023-10-14 02:40:30','2023-10-14 02:40:30'),(701,'2023-03-07','Pengeluaran',38780,'Quas.',4,1,2,'cash','2023-10-14 02:40:30','2023-10-14 02:40:30'),(702,'2023-03-07','Pengeluaran',36808,'Quia.',4,1,1,'cash','2023-10-14 02:40:30','2023-10-14 02:40:30'),(703,'2023-03-07','Pengeluaran',16586,'Maiores.',3,1,1,'cash','2023-10-14 02:40:30','2023-10-14 02:40:30'),(704,'2023-03-07','Pengeluaran',16874,'Accusamus.',1,1,1,'bank','2023-10-14 02:40:31','2023-10-14 02:40:31'),(705,'2023-03-07','Pengeluaran',39218,'Et sunt.',2,1,2,'cash','2023-10-14 02:40:31','2023-10-14 02:40:31'),(706,'2023-03-07','Pengeluaran',21971,'Aut.',5,1,1,'cash','2023-10-14 02:40:31','2023-10-14 02:40:31'),(707,'2023-04-07','Pengeluaran',19285,'Suscipit.',3,1,2,'cash','2023-10-14 02:40:31','2023-10-14 02:40:31'),(708,'2023-04-07','Pengeluaran',14351,'Itaque.',1,1,2,'bank','2023-10-14 02:40:31','2023-10-14 02:40:31'),(709,'2023-04-07','Pengeluaran',34782,'Iste eius.',4,1,2,'cash','2023-10-14 02:40:31','2023-10-14 02:40:31'),(710,'2023-04-07','Pengeluaran',18135,'Fuga.',1,1,2,'bank','2023-10-14 02:40:31','2023-10-14 02:40:31'),(711,'2023-04-07','Pengeluaran',37674,'Et iusto.',2,1,2,'cash','2023-10-14 02:40:31','2023-10-14 02:40:31'),(712,'2023-04-07','Pengeluaran',12694,'Sed.',3,1,2,'bank','2023-10-14 02:40:31','2023-10-14 02:40:31'),(713,'2023-04-07','Pengeluaran',33242,'Corporis.',2,1,1,'cash','2023-10-14 02:40:31','2023-10-14 02:40:31'),(714,'2023-04-07','Pengeluaran',26529,'Labore.',5,1,1,'cash','2023-10-14 02:40:31','2023-10-14 02:40:31'),(715,'2023-04-07','Pengeluaran',21375,'Nobis.',2,1,2,'cash','2023-10-14 02:40:31','2023-10-14 02:40:31'),(716,'2023-04-07','Pengeluaran',25804,'Libero.',4,1,1,'bank','2023-10-14 02:40:31','2023-10-14 02:40:31'),(717,'2023-04-07','Pengeluaran',38185,'Aperiam.',5,1,2,'cash','2023-10-14 02:40:31','2023-10-14 02:40:31'),(718,'2023-04-07','Pengeluaran',17616,'Libero.',1,1,2,'cash','2023-10-14 02:40:31','2023-10-14 02:40:31'),(719,'2023-04-07','Pengeluaran',22004,'Nemo et.',5,1,1,'bank','2023-10-14 02:40:31','2023-10-14 02:40:31'),(720,'2023-04-07','Pengeluaran',21142,'Et rem.',1,1,2,'bank','2023-10-14 02:40:31','2023-10-14 02:40:31'),(721,'2023-05-07','Pengeluaran',26814,'Et.',5,1,2,'bank','2023-10-14 02:40:31','2023-10-14 02:40:31'),(722,'2023-05-07','Pengeluaran',22220,'Est.',3,1,2,'cash','2023-10-14 02:40:31','2023-10-14 02:40:31'),(723,'2023-05-07','Pengeluaran',15484,'Sed.',2,1,2,'cash','2023-10-14 02:40:31','2023-10-14 02:40:31'),(724,'2023-05-07','Pengeluaran',13518,'Qui ea et.',4,1,1,'cash','2023-10-14 02:40:31','2023-10-14 02:40:31'),(725,'2023-05-07','Pengeluaran',39390,'Delectus.',3,1,1,'bank','2023-10-14 02:40:31','2023-10-14 02:40:31'),(726,'2023-05-07','Pengeluaran',39388,'Impedit.',3,1,2,'cash','2023-10-14 02:40:31','2023-10-14 02:40:31'),(727,'2023-05-07','Pengeluaran',26854,'Dicta et.',3,1,1,'bank','2023-10-14 02:40:31','2023-10-14 02:40:31'),(728,'2023-06-07','Pengeluaran',38083,'Et.',2,1,1,'cash','2023-10-14 02:40:31','2023-10-14 02:40:31'),(729,'2023-06-07','Pengeluaran',34961,'Aliquam.',3,1,1,'bank','2023-10-14 02:40:31','2023-10-14 02:40:31'),(730,'2023-06-07','Pengeluaran',30873,'Odit.',1,1,2,'cash','2023-10-14 02:40:31','2023-10-14 02:40:31'),(731,'2023-06-07','Pengeluaran',29320,'Possimus.',4,1,1,'cash','2023-10-14 02:40:31','2023-10-14 02:40:31'),(732,'2023-06-07','Pengeluaran',29667,'Rerum.',2,1,1,'bank','2023-10-14 02:40:31','2023-10-14 02:40:31'),(733,'2023-06-07','Pengeluaran',37864,'Esse est.',1,1,2,'cash','2023-10-14 02:40:31','2023-10-14 02:40:31'),(734,'2023-06-07','Pengeluaran',25730,'Fugiat.',1,1,2,'bank','2023-10-14 02:40:31','2023-10-14 02:40:31'),(735,'2023-06-07','Pengeluaran',30204,'Dolore.',4,1,2,'cash','2023-10-14 02:40:31','2023-10-14 02:40:31'),(736,'2023-06-07','Pengeluaran',16231,'Explicabo.',2,1,2,'cash','2023-10-14 02:40:31','2023-10-14 02:40:31'),(737,'2023-06-07','Pengeluaran',23789,'Officia.',2,1,1,'cash','2023-10-14 02:40:31','2023-10-14 02:40:31'),(738,'2023-06-07','Pengeluaran',35926,'Quis quo.',2,1,1,'cash','2023-10-14 02:40:31','2023-10-14 02:40:31'),(739,'2023-06-07','Pengeluaran',19238,'Enim at.',4,1,2,'cash','2023-10-14 02:40:31','2023-10-14 02:40:31'),(740,'2023-06-07','Pengeluaran',10059,'Enim.',3,1,1,'bank','2023-10-14 02:40:31','2023-10-14 02:40:31'),(741,'2023-06-07','Pengeluaran',28222,'Vitae.',3,1,1,'cash','2023-10-14 02:40:31','2023-10-14 02:40:31'),(742,'2023-07-07','Pengeluaran',29611,'Enim.',5,1,1,'bank','2023-10-14 02:40:31','2023-10-14 02:40:31'),(743,'2023-07-07','Pengeluaran',20262,'Eos a.',5,1,2,'cash','2023-10-14 02:40:31','2023-10-14 02:40:31'),(744,'2023-07-07','Pengeluaran',30534,'Natus.',5,1,2,'cash','2023-10-14 02:40:31','2023-10-14 02:40:31'),(745,'2023-07-07','Pengeluaran',12559,'Sunt illo.',5,1,2,'bank','2023-10-14 02:40:31','2023-10-14 02:40:31'),(746,'2023-07-07','Pengeluaran',16441,'Repellat.',4,1,1,'bank','2023-10-14 02:40:31','2023-10-14 02:40:31'),(747,'2023-07-07','Pengeluaran',26776,'Aperiam.',1,1,2,'cash','2023-10-14 02:40:31','2023-10-14 02:40:31'),(748,'2023-07-07','Pengeluaran',27617,'In rem.',5,1,1,'bank','2023-10-14 02:40:31','2023-10-14 02:40:31'),(749,'2023-07-07','Pengeluaran',23741,'Pariatur.',2,1,1,'cash','2023-10-14 02:40:31','2023-10-14 02:40:31'),(750,'2023-07-07','Pengeluaran',16090,'Beatae.',2,1,1,'cash','2023-10-14 02:40:31','2023-10-14 02:40:31'),(751,'2023-07-07','Pengeluaran',22292,'Sed vel.',5,1,2,'bank','2023-10-14 02:40:31','2023-10-14 02:40:31'),(752,'2023-07-07','Pengeluaran',34088,'Autem.',3,1,2,'cash','2023-10-14 02:40:31','2023-10-14 02:40:31'),(753,'2023-07-07','Pengeluaran',19150,'Nemo.',1,1,2,'cash','2023-10-14 02:40:31','2023-10-14 02:40:31'),(754,'2023-07-07','Pengeluaran',22806,'Quasi est.',1,1,2,'cash','2023-10-14 02:40:31','2023-10-14 02:40:31'),(755,'2023-07-07','Pengeluaran',32432,'Assumenda.',4,1,1,'bank','2023-10-14 02:40:31','2023-10-14 02:40:31'),(756,'2023-08-07','Pengeluaran',13512,'Itaque.',5,1,2,'cash','2023-10-14 02:40:31','2023-10-14 02:40:31'),(757,'2023-08-07','Pengeluaran',36156,'Ea.',2,1,2,'cash','2023-10-14 02:40:31','2023-10-14 02:40:31'),(758,'2023-08-07','Pengeluaran',21668,'Quasi.',3,1,1,'cash','2023-10-14 02:40:31','2023-10-14 02:40:31'),(759,'2023-08-07','Pengeluaran',21189,'Quo est.',3,1,2,'cash','2023-10-14 02:40:31','2023-10-14 02:40:31'),(760,'2023-08-07','Pengeluaran',30123,'Molestias.',2,1,2,'cash','2023-10-14 02:40:31','2023-10-14 02:40:31'),(761,'2023-08-07','Pengeluaran',32139,'Iste qui.',3,1,2,'cash','2023-10-14 02:40:31','2023-10-14 02:40:31'),(762,'2023-08-07','Pengeluaran',20686,'Molestiae.',3,1,2,'bank','2023-10-14 02:40:31','2023-10-14 02:40:31'),(763,'2023-08-07','Pengeluaran',19450,'Odit.',2,1,1,'bank','2023-10-14 02:40:31','2023-10-14 02:40:31'),(764,'2023-08-07','Pengeluaran',19342,'Natus.',2,1,2,'cash','2023-10-14 02:40:31','2023-10-14 02:40:31'),(765,'2023-08-07','Pengeluaran',36960,'Animi.',5,1,2,'bank','2023-10-14 02:40:31','2023-10-14 02:40:31'),(766,'2023-08-07','Pengeluaran',38543,'Sit est.',2,1,2,'cash','2023-10-14 02:40:31','2023-10-14 02:40:31'),(767,'2023-08-07','Pengeluaran',26864,'Similique.',5,1,1,'bank','2023-10-14 02:40:31','2023-10-14 02:40:31'),(768,'2023-09-07','Pengeluaran',21774,'Ut.',2,1,2,'cash','2023-10-14 02:40:31','2023-10-14 02:40:31'),(769,'2023-09-07','Pengeluaran',30064,'Voluptas.',3,1,2,'cash','2023-10-14 02:40:31','2023-10-14 02:40:31'),(770,'2023-09-07','Pengeluaran',11876,'Accusamus.',5,1,1,'cash','2023-10-14 02:40:31','2023-10-14 02:40:31'),(771,'2023-09-07','Pengeluaran',28390,'Magni.',3,1,2,'cash','2023-10-14 02:40:31','2023-10-14 02:40:31'),(772,'2023-09-07','Pengeluaran',33262,'Sed.',4,1,1,'bank','2023-10-14 02:40:31','2023-10-14 02:40:31'),(773,'2023-09-07','Pengeluaran',20430,'Et enim.',1,1,1,'bank','2023-10-14 02:40:31','2023-10-14 02:40:31'),(774,'2023-09-07','Pengeluaran',18995,'Vero.',3,1,1,'cash','2023-10-14 02:40:31','2023-10-14 02:40:31'),(775,'2023-09-07','Pengeluaran',28353,'Itaque.',1,1,1,'cash','2023-10-14 02:40:31','2023-10-14 02:40:31'),(776,'2023-09-07','Pengeluaran',31651,'Neque.',4,1,2,'cash','2023-10-14 02:40:31','2023-10-14 02:40:31'),(777,'2023-09-07','Pengeluaran',19113,'Rem.',5,1,2,'bank','2023-10-14 02:40:31','2023-10-14 02:40:31'),(778,'2023-09-07','Pengeluaran',19080,'Ut.',4,1,1,'cash','2023-10-14 02:40:31','2023-10-14 02:40:31'),(779,'2023-09-07','Pengeluaran',20876,'At.',3,1,2,'cash','2023-10-14 02:40:31','2023-10-14 02:40:31'),(780,'2023-09-07','Pengeluaran',22142,'Cumque.',3,1,2,'cash','2023-10-14 02:40:31','2023-10-14 02:40:31'),(781,'2023-09-07','Pengeluaran',13669,'Qui.',3,1,1,'bank','2023-10-14 02:40:31','2023-10-14 02:40:31'),(782,'2023-09-07','Pengeluaran',32053,'Sed quia.',3,1,1,'cash','2023-10-14 02:40:31','2023-10-14 02:40:31'),(783,'2023-10-07','Pengeluaran',29220,'Est et.',3,1,1,'cash','2023-10-14 02:40:31','2023-10-14 02:40:31'),(784,'2023-10-07','Pengeluaran',16886,'Repellat.',1,1,2,'cash','2023-10-14 02:40:31','2023-10-14 02:40:31'),(785,'2023-10-07','Pengeluaran',36803,'Dolores.',2,1,2,'cash','2023-10-14 02:40:31','2023-10-14 02:40:31'),(786,'2023-10-07','Pengeluaran',23679,'Amet.',3,1,1,'bank','2023-10-14 02:40:31','2023-10-14 02:40:31'),(787,'2023-10-07','Pengeluaran',31443,'Harum.',4,1,2,'cash','2023-10-14 02:40:31','2023-10-14 02:40:31'),(788,'2023-10-07','Pengeluaran',32372,'Nulla.',5,1,1,'cash','2023-10-14 02:40:31','2023-10-14 02:40:31'),(789,'2023-10-07','Pengeluaran',16703,'Quis ut.',3,1,2,'cash','2023-10-14 02:40:31','2023-10-14 02:40:31'),(790,'2023-10-07','Pengeluaran',12779,'Quae non.',3,1,2,'cash','2023-10-14 02:40:31','2023-10-14 02:40:31'),(791,'2023-10-07','Pengeluaran',16704,'Eveniet.',4,1,2,'bank','2023-10-14 02:40:31','2023-10-14 02:40:31'),(792,'2023-10-07','Pengeluaran',15155,'Fugit.',1,1,2,'cash','2023-10-14 02:40:31','2023-10-14 02:40:31'),(793,'2023-10-07','Pengeluaran',22881,'Aut.',4,1,1,'cash','2023-10-14 02:40:31','2023-10-14 02:40:31'),(794,'2023-10-07','Pengeluaran',11685,'Nisi.',4,1,2,'bank','2023-10-14 02:40:31','2023-10-14 02:40:31'),(795,'2023-11-07','Pengeluaran',17633,'Aut eum.',2,1,1,'cash','2023-10-14 02:40:31','2023-10-14 02:40:31'),(796,'2023-11-07','Pengeluaran',38208,'Et alias.',3,1,2,'cash','2023-10-14 02:40:31','2023-10-14 02:40:31'),(797,'2023-11-07','Pengeluaran',26721,'Placeat.',4,1,2,'cash','2023-10-14 02:40:31','2023-10-14 02:40:31'),(798,'2023-11-07','Pengeluaran',38245,'Nihil.',3,1,2,'cash','2023-10-14 02:40:31','2023-10-14 02:40:31'),(799,'2023-11-07','Pengeluaran',32456,'Officiis.',3,1,1,'cash','2023-10-14 02:40:31','2023-10-14 02:40:31'),(800,'2023-11-07','Pengeluaran',19579,'Voluptas.',2,1,1,'bank','2023-10-14 02:40:31','2023-10-14 02:40:31'),(801,'2023-11-07','Pengeluaran',26561,'Rem.',3,1,1,'bank','2023-10-14 02:40:31','2023-10-14 02:40:31'),(802,'2023-11-07','Pengeluaran',11382,'Vitae.',1,1,1,'bank','2023-10-14 02:40:31','2023-10-14 02:40:31'),(803,'2023-11-07','Pengeluaran',24349,'Minima id.',5,1,2,'bank','2023-10-14 02:40:31','2023-10-14 02:40:31'),(804,'2023-11-07','Pengeluaran',25562,'Quaerat.',5,1,1,'bank','2023-10-14 02:40:31','2023-10-14 02:40:31'),(805,'2023-11-07','Pengeluaran',33706,'Fugit.',4,1,1,'bank','2023-10-14 02:40:31','2023-10-14 02:40:31'),(806,'2023-11-07','Pengeluaran',19402,'Id odit.',5,1,1,'cash','2023-10-14 02:40:31','2023-10-14 02:40:31'),(807,'2023-11-07','Pengeluaran',16299,'Est.',3,1,2,'bank','2023-10-14 02:40:31','2023-10-14 02:40:31'),(808,'2023-12-07','Pengeluaran',32142,'Numquam.',3,1,2,'cash','2023-10-14 02:40:31','2023-10-14 02:40:31'),(809,'2023-12-07','Pengeluaran',17438,'Ab.',3,1,2,'cash','2023-10-14 02:40:31','2023-10-14 02:40:31'),(810,'2023-12-07','Pengeluaran',16655,'Porro.',1,1,2,'cash','2023-10-14 02:40:31','2023-10-14 02:40:31'),(811,'2023-12-07','Pengeluaran',16716,'Odio.',3,1,2,'cash','2023-10-14 02:40:31','2023-10-14 02:40:31'),(812,'2023-12-07','Pengeluaran',23940,'Hic.',1,1,2,'bank','2023-10-14 02:40:31','2023-10-14 02:40:31'),(813,'2023-12-07','Pengeluaran',25900,'Et sed et.',4,1,2,'cash','2023-10-14 02:40:31','2023-10-14 02:40:31'),(814,'2023-12-07','Pengeluaran',17923,'Et vero.',5,1,1,'cash','2023-10-14 02:40:31','2023-10-14 02:40:31'),(815,'2023-12-07','Pengeluaran',18991,'Quis.',3,1,2,'bank','2023-10-14 02:40:31','2023-10-14 02:40:31'),(816,'2023-12-07','Pengeluaran',34174,'Qui ex.',1,1,1,'cash','2023-10-14 02:40:31','2023-10-14 02:40:31'),(817,'2023-12-07','Pengeluaran',22319,'Fugiat.',4,1,2,'cash','2023-10-14 02:40:31','2023-10-14 02:40:31'),(818,'2023-12-07','Pengeluaran',10092,'Quia eos.',5,1,2,'cash','2023-10-14 02:40:31','2023-10-14 02:40:31'),(819,'2023-12-07','Pengeluaran',25611,'Sit nobis.',4,1,2,'cash','2023-10-14 02:40:31','2023-10-14 02:40:31'),(820,'2023-12-07','Pengeluaran',11401,'Eum eius.',2,1,1,'bank','2023-10-14 02:40:31','2023-10-14 02:40:31'),(821,'2023-10-11','Pengeluaran',20000,'dagdag',1,1,1,'bank','2023-10-14 02:40:31','2023-10-14 02:40:31'),(822,'2023-01-07','Pemasukan',39184,'Officia.',3,1,2,'cash','2023-10-14 02:42:26','2023-10-14 02:42:26'),(823,'2023-01-07','Pemasukan',13736,'Corrupti.',2,1,2,'cash','2023-10-14 02:42:26','2023-10-14 02:42:26'),(824,'2023-01-07','Pemasukan',12872,'Autem.',3,1,2,'cash','2023-10-14 02:42:26','2023-10-14 02:42:26'),(825,'2023-01-07','Pemasukan',14070,'Corrupti.',5,1,2,'bank','2023-10-14 02:42:27','2023-10-14 02:42:27'),(826,'2023-01-07','Pemasukan',37178,'Mollitia.',4,1,1,'bank','2023-10-14 02:42:27','2023-10-14 02:42:27'),(827,'2023-01-07','Pemasukan',35988,'Ab et et.',5,1,2,'cash','2023-10-14 02:42:27','2023-10-14 02:42:27'),(828,'2023-01-07','Pemasukan',21021,'At culpa.',5,1,1,'bank','2023-10-14 02:42:27','2023-10-14 02:42:27'),(829,'2023-01-07','Pemasukan',28842,'Velit id.',2,1,2,'bank','2023-10-14 02:42:27','2023-10-14 02:42:27'),(830,'2023-01-07','Pemasukan',12766,'Numquam.',3,1,2,'bank','2023-10-14 02:42:27','2023-10-14 02:42:27'),(831,'2023-10-14','Pemasukan',20000,'Closing Toko',1,1,1,'bank','2023-10-14 03:10:13','2023-10-14 03:10:13'),(832,'2023-10-14','Pemasukan',20000,'Closing Toko',1,1,3,'bank','2023-10-14 03:10:13','2023-10-14 03:10:13'),(833,'2023-10-14','Pemasukan',20000,'Closing Toko',1,1,2,'cash','2023-10-14 03:10:13','2023-10-14 03:10:13'),(834,'2023-10-14','Pemasukan',20000,'Closing Toko',1,1,4,'cash','2023-10-14 03:10:13','2023-10-14 03:10:13'),(835,'2023-10-14','Pemasukan',20000,'Closing Toko',1,1,5,'cash','2023-10-14 03:10:13','2023-10-14 03:10:13'),(836,'2023-10-14','Pengeluaran',30000,'Closing Toko',5,1,2,'cash','2023-10-14 03:10:13','2023-10-14 03:10:13'),(837,'2023-10-14','Pengeluaran',50000,'Closing Toko',4,1,2,'cash','2023-10-14 03:10:13','2023-10-14 03:10:13'),(838,'2023-10-15','Pengeluaran',20000,'tes',1,1,2,'cash','2023-10-14 15:58:44','2023-10-14 15:58:44'),(839,'2023-10-14','Pengeluaran',20000,'tes',2,1,2,'cash','2023-10-14 15:59:43','2023-10-14 15:59:43'),(840,'2023-10-14','Pengeluaran',20000,'tes',3,1,2,'cash','2023-10-14 16:00:01','2023-10-14 16:00:01'),(841,'2023-10-14','Pengeluaran',20000,'tes',2,1,2,'cash','2023-10-14 16:14:22','2023-10-14 16:14:22'),(842,'2023-10-12','Pengeluaran',20000,'tes',3,1,3,'bank','2023-10-14 16:18:55','2023-10-14 16:18:55'),(843,'2023-10-14','Pengeluaran',20000,'tes',2,1,1,'bank','2023-10-14 16:19:18','2023-10-14 16:19:18'),(844,'2023-10-14','Pengeluaran',400000,'tes',2,1,2,'cash','2023-10-14 16:23:22','2023-10-14 16:38:44'),(845,'2023-10-07','Pengeluaran',10000000,'Dolores.',2,1,2,'cash','2023-10-14 16:32:31','2023-10-14 16:39:16'),(846,'2023-10-15','Pemasukan',20000,'dfadf',7,1,2,'cash','2023-10-14 20:41:30','2023-10-14 20:41:30'),(847,'2023-10-15','Pemasukan',20000,'dgadfg',7,1,1,'bank','2023-10-14 20:41:51','2023-10-14 20:53:44');
/*!40000 ALTER TABLE `transaksi` ENABLE KEYS */;
UNLOCK TABLES;

--
-- Table structure for table `users`
--

DROP TABLE IF EXISTS `users`;
/*!40101 SET @saved_cs_client     = @@character_set_client */;
/*!40101 SET character_set_client = utf8 */;
CREATE TABLE `users` (
  `id` bigint(20) unsigned NOT NULL AUTO_INCREMENT,
  `name` varchar(255) NOT NULL,
  `email` varchar(255) NOT NULL,
  `email_verified_at` timestamp NULL DEFAULT NULL,
  `password` varchar(255) NOT NULL,
  `type` varchar(255) NOT NULL,
  `remember_token` varchar(100) DEFAULT NULL,
  `created_at` timestamp NULL DEFAULT NULL,
  `updated_at` timestamp NULL DEFAULT NULL,
  PRIMARY KEY (`id`),
  UNIQUE KEY `users_email_unique` (`email`)
) ENGINE=InnoDB AUTO_INCREMENT=6 DEFAULT CHARSET=utf8mb4 COLLATE=utf8mb4_unicode_ci;
/*!40101 SET character_set_client = @saved_cs_client */;

--
-- Dumping data for table `users`
--

LOCK TABLES `users` WRITE;
/*!40000 ALTER TABLE `users` DISABLE KEYS */;
INSERT INTO `users` VALUES (1,'Administrator','admin@example.com','2023-10-07 09:24:18','$2y$10$acsnxyp1AoRR.eKhATIEa.Q4zrk222u9Mdz.ztDBIoX8qGe272kIe','Administrator','Skpwks0VBIQ48ewz2KnUtFCl5IuHZCDkPaiS9ojyn1OHQROVQxNqZgK8Fq8R','2023-10-07 09:24:18','2023-10-07 10:40:26'),(4,'Priana Saputra','herian.sap@gmail.com',NULL,'$2y$10$UOdPtAEn7Qt7sSeE3lVdD.7mXRbzEzwYlnqKT8fbv84pvSfmNI8ne','Manajer',NULL,'2023-10-07 10:30:15','2023-10-07 10:41:55');
/*!40000 ALTER TABLE `users` ENABLE KEYS */;
UNLOCK TABLES;
/*!40103 SET TIME_ZONE=@OLD_TIME_ZONE */;

/*!40101 SET SQL_MODE=@OLD_SQL_MODE */;
/*!40014 SET FOREIGN_KEY_CHECKS=@OLD_FOREIGN_KEY_CHECKS */;
/*!40014 SET UNIQUE_CHECKS=@OLD_UNIQUE_CHECKS */;
/*!40101 SET CHARACTER_SET_CLIENT=@OLD_CHARACTER_SET_CLIENT */;
/*!40101 SET CHARACTER_SET_RESULTS=@OLD_CHARACTER_SET_RESULTS */;
/*!40101 SET COLLATION_CONNECTION=@OLD_COLLATION_CONNECTION */;
/*!40111 SET SQL_NOTES=@OLD_SQL_NOTES */;

-- Dump completed on 2023-10-15 14:13:48
